5.677800e-03,-1.454312e+00,1.535820e+02,1.777227e+02,3708,3708,4.417282e+02,-4.417282e+02,0.000000e+00,7.301292e+00,1.734740e+00,1.494558e+00,5.379789e+02,3.340719e+02
1.010649e-01,-1.350465e+00,1.496051e+02,1.783038e+02,3505,3505,4.011976e+02,-4.011976e+02,0.000000e+00,6.631366e+00,1.557847e+00,1.493741e+00,4.990249e+02,2.980837e+02
2.257946e-01,-1.139163e+00,1.502494e+02,1.779800e+02,3218,3218,3.437611e+02,-3.437611e+02,0.000000e+00,5.682001e+00,2.095047e-01,1.493741e+00,4.990249e+02,2.980837e+02
3.160662e-01,-9.899772e-01,1.502816e+02,1.778338e+02,3044,3044,3.089097e+02,-3.089097e+02,0.000000e+00,5.105945e+00,1.192743e+00,1.494558e+00,4.989789e+02,2.980719e+02
4.222420e-01,-8.179986e-01,1.505468e+02,1.778128e+02,2840,2840,2.680938e+02,-2.680938e+02,0.000000e+00,4.431302e+00,1.769518e-01,1.493741e+00,4.990249e+02,2.980837e+02
5.502108e-01,-6.206463e-01,1.504735e+02,1.786102e+02,2608,2608,2.217909e+02,-2.217909e+02,0.000000e+00,3.665965e+00,5.642501e-01,1.494558e+00,4.989789e+02,2.980719e+02
6.618417e-01,-4.199775e-01,1.514304e+02,1.793151e+02,2935,1819,2.871076e+02,-6.386614e+01,1.116208e+02,2.900610e+00,5.850977e-01,1.493741e+00,4.990249e+02,2.980837e+02
7.659431e-01,-2.771612e-01,1.531854e+02,1.785396e+02,2754,1631,2.508215e+02,-2.623869e+01,1.122914e+02,2.289754e+00,1.509108e-01,1.493598e+00,4.990260e+02,2.980819e+02
8.756146e-01,-1.158296e-01,1.577755e+02,1.816404e+02,2550,1451,2.100442e+02,9.787929e+00,1.099161e+02,1.655010e+00,4.860255e-01,1.493741e+00,4.990249e+02,2.980837e+02
9.838410e-01,-8.418931e-02,1.625079e+02,1.769067e+02,2547,1429,2.095045e+02,1.415091e+01,1.118277e+02,1.614493e+00,9.870477e-01,1.494558e+00,4.989789e+02,2.980719e+02
1.086057e+00,3.624036e-02,1.687142e+02,1.804670e+02,2420,1304,1.841833e+02,3.904240e+01,1.116128e+02,1.199511e+00,9.019862e-02,1.494558e+00,4.989789e+02,2.980719e+02
1.196928e+00,9.133901e-02,1.764538e+02,1.805747e+02,2350,1226,1.701338e+02,5.477878e+01,1.124563e+02,9.533476e-01,5.570029e-02,1.493598e+00,4.990260e+02,2.980819e+02
1.300103e+00,8.313470e-02,1.845203e+02,1.783058e+02,2372,1246,1.745130e+02,5.060343e+01,1.125582e+02,1.024046e+00,8.840516e-02,1.493598e+00,4.990260e+02,2.980819e+02
1.413069e+00,1.776081e-01,1.918451e+02,1.828801e+02,2230,1124,1.460118e+02,7.515204e+01,1.105819e+02,5.856179e-01,2.946632e-01,1.494558e+00,4.989789e+02,2.980719e+02
1.521168e+00,1.514752e-01,2.021958e+02,1.799676e+02,2549,2549,2.098652e+02,-2.098652e+02,0.000000e+00,3.468847e+00,5.420860e-01,1.493598e+00,4.990260e+02,2.980819e+02
1.606500e+00,2.953945e-01,2.019410e+02,1.803768e+02,2962,1868,2.925148e+02,-7.368146e+01,1.094167e+02,3.026415e+00,1.244987e+00,1.493741e+00,4.990249e+02,2.980837e+02
1.712122e+00,4.449736e-01,2.028432e+02,1.807474e+02,2764,1681,2.529130e+02,-3.625672e+01,1.083281e+02,2.389832e+00,-3.507400e-01,1.493741e+00,4.990249e+02,2.980837e+02
1.814663e+00,5.615028e-01,2.056794e+02,1.827422e+02,2619,1532,2.238699e+02,-6.514184e+00,1.086779e+02,1.904001e+00,-1.377690e-01,1.494558e+00,4.989789e+02,2.980719e+02
1.924424e+00,6.584092e-01,2.104944e+02,1.858002e+02,2925,1816,2.850665e+02,-6.320873e+01,1.109289e+02,2.878307e+00,-1.199985e-01,1.494558e+00,4.989789e+02,2.980719e+02
2.036166e+00,8.066064e-01,2.116233e+02,1.879408e+02,2746,1644,2.493960e+02,-2.883830e+01,1.102789e+02,2.299457e+00,-1.704868e-01,1.493598e+00,4.990260e+02,2.980819e+02
2.135821e+00,9.136355e-01,2.135136e+02,1.906836e+02,2620,1506,2.240905e+02,-1.346060e+00,1.113722e+02,1.863112e+00,-1.268516e-01,1.493741e+00,4.990249e+02,2.980837e+02
2.239923e+00,1.001417e+00,2.166948e+02,1.946084e+02,2523,1407,2.046173e+02,1.844665e+01,1.115320e+02,1.538600e+00,-1.099988e-01,1.493598e+00,4.990260e+02,2.980819e+02
2.343346e+00,1.070947e+00,2.194724e+02,1.999893e+02,2798,1709,2.597118e+02,-4.191066e+01,1.089006e+02,2.492748e+00,-9.471899e-02,1.493741e+00,4.990249e+02,2.980837e+02
2.465045e+00,1.210474e+00,2.205434e+02,2.032296e+02,2644,1524,2.288050e+02,-4.902600e+00,1.119512e+02,1.931468e+00,-1.588255e-01,1.493598e+00,4.990260e+02,2.980819e+02
2.575720e+00,1.307881e+00,2.219052e+02,2.083581e+02,2046,953,1.092235e+02,1.092235e+02,1.092235e+02,0.000000e+00,-1.214311e-01,1.593244e+00,4.955040e+02,2.980699e+02
2.698658e+00,1.307881e+00,2.249052e+02,2.203581e+02,1000,2000,1.092235e+02,1.092235e+02,1.092235e+02,0.000000e+00,2.495557e-01,5.427256e-01,4.925289e+02,2.970642e+02
2.798406e+00,1.355164e+00,2.192514e+02,2.112757e+02,2055,944,1.111471e+02,1.111471e+02,1.111471e+02,0.000000e+00,-2.707215e-02,1.974588e+00,4.935486e+02,2.950136e+02
2.905368e+00,1.356013e+00,2.211791e+02,2.213079e+02,2061,938,1.122522e+02,1.122522e+02,1.122522e+02,0.000000e+00,-3.736670e-02,2.126777e+00,4.948870e+02,2.953966e+02
2.981911e+00,1.355056e+00,2.232514e+02,2.282757e+02,1000,2000,1.122522e+02,1.122522e+02,1.122522e+02,0.000000e+00,-3.094284e-02,5.356470e-01,4.957651e+02,2.942504e+02
3.087425e+00,1.355056e+00,2.212514e+02,2.192757e+02,2061,938,1.122876e+02,1.122876e+02,1.122876e+02,0.000000e+00,2.380159e-02,2.449657e+00,4.965616e+02,2.928933e+02
3.190253e+00,1.355056e+00,2.232514e+02,2.292757e+02,1000,2000,1.122876e+02,1.122876e+02,1.122876e+02,0.000000e+00,-3.442929e-02,5.322471e-01,4.971291e+02,2.927790e+02
3.274301e+00,1.355056e+00,2.212514e+02,2.212757e+02,1000,2000,1.122876e+02,1.122876e+02,1.122876e+02,0.000000e+00,2.751946e-02,5.318054e-01,4.992692e+02,2.937425e+02
3.373298e+00,1.355164e+00,2.192514e+02,2.112757e+02,2055,944,1.111471e+02,1.111471e+02,1.111471e+02,0.000000e+00,3.636059e-02,2.898947e+00,4.998016e+02,2.937533e+02
3.469672e+00,1.307881e+00,2.249052e+02,2.193581e+02,2056,943,1.112113e+02,1.112113e+02,1.112113e+02,0.000000e+00,2.203581e-02,5.296792e-01,4.999648e+02,2.927225e+02
3.594170e+00,1.307881e+00,2.279052e+02,2.313581e+02,1000,2000,1.112113e+02,1.112113e+02,1.112113e+02,0.000000e+00,-4.685461e-02,5.270972e-01,5.012935e+02,2.917650e+02
3.682917e+00,1.307881e+00,2.259052e+02,2.233581e+02,2056,943,1.112113e+02,1.112113e+02,1.112113e+02,0.000000e+00,3.459394e-02,-2.853760e+00,5.025437e+02,2.943826e+02
3.790576e+00,1.307881e+00,2.289052e+02,2.333581e+02,2061,938,1.123988e+02,1.123988e+02,1.123988e+02,0.000000e+00,-3.532614e-02,-2.702677e+00,5.035584e+02,2.944786e+02
3.878017e+00,1.307881e+00,2.309052e+02,2.423581e+02,2366,1261,1.733930e+02,4.774376e+01,1.105684e+02,1.038423e+00,-3.519539e-02,-2.523935e+00,5.047402e+02,2.941414e+02
4.005832e+00,1.408853e+00,2.292370e+02,2.515296e+02,2050,949,1.101850e+02,1.101850e+02,1.101850e+02,0.000000e+00,-1.908997e-02,-2.794605e+00,4.814513e+02,3.231726e+02
4.089638e+00,1.408936e+00,2.312370e+02,2.595296e+02,2052,947,1.104167e+02,1.104167e+02,1.104167e+02,0.000000e+00,-1.406695e-01,-2.171292e+00,5.057576e+02,2.966470e+02
4.202484e+00,1.408936e+00,2.332370e+02,2.715296e+02,2060,939,1.121914e+02,1.121914e+02,1.121914e+02,0.000000e+00,-8.672222e-02,-1.547051e+00,5.400630e+02,2.839664e+02
4.294935e+00,1.408936e+00,2.352370e+02,2.805296e+02,2057,942,1.114644e+02,1.114644e+02,1.114644e+02,0.000000e+00,1.633973e-02,-1.843916e+00,5.051674e+02,3.000309e+02
4.433820e+00,1.408853e+00,2.382370e+02,2.935296e+02,2060,939,1.121914e+02,1.121914e+02,1.121914e+02,0.000000e+00,-4.840720e-02,-1.612323e+00,5.082637e+02,2.999477e+02
4.522012e+00,1.408853e+00,2.402370e+02,3.025296e+02,1000,2000,1.121914e+02,1.121914e+02,1.121914e+02,0.000000e+00,-3.327885e-02,5.379032e-01,5.046467e+02,3.010637e+02
4.668941e+00,1.408936e+00,2.372370e+02,2.875296e+02,2057,942,1.114644e+02,1.114644e+02,1.114644e+02,0.000000e+00,3.661405e-01,-1.237110e+00,5.081029e+02,3.030972e+02
4.785790e+00,1.408853e+00,2.392370e+02,2.995296e+02,2050,949,1.101850e+02,1.101850e+02,1.101850e+02,0.000000e+00,-5.345984e-02,-1.484481e+00,4.725067e+02,2.874798e+02
4.872647e+00,1.408853e+00,2.412370e+02,3.075296e+02,2050,949,1.101850e+02,1.101850e+02,1.101850e+02,0.000000e+00,-3.446318e-02,-1.193453e+00,4.945707e+02,2.986372e+02
4.991506e+00,1.408853e+00,2.432370e+02,3.195296e+02,2052,947,1.105735e+02,1.105735e+02,1.105735e+02,0.000000e+00,-3.967817e-02,-1.368790e+00,4.937374e+02,2.997630e+02
5.065300e+00,1.408853e+00,2.452370e+02,3.265296e+02,2052,947,1.105735e+02,1.105735e+02,1.105735e+02,0.000000e+00,-2.461942e-02,-1.519090e+00,4.945108e+02,3.009891e+02
5.166220e+00,1.408853e+00,2.472370e+02,3.365296e+02,378,378,-2.243547e+02,2.243547e+02,0.000000e+00,-3.708341e+00,-4.728466e-02,-1.674843e+00,4.940521e+02,3.010219e+02
5.280891e+00,1.168181e+00,2.509659e+02,3.355771e+02,2040,959,1.081184e+02,1.081184e+02,1.081184e+02,0.000000e+00,-7.361809e-02,5.498371e-01,4.931714e+02,3.022555e+02
5.370842e+00,1.167443e+00,2.550281e+02,3.435846e+02,1000,2000,1.081184e+02,1.081184e+02,1.081184e+02,0.000000e+00,-3.171480e-02,5.493506e-01,4.951684e+02,3.031481e+02
5.495109e+00,1.167443e+00,2.500281e+02,3.325846e+02,2056,943,1.113360e+02,1.113360e+02,1.113360e+02,0.000000e+00,5.614259e-02,5.517528e-01,4.951405e+02,3.047686e+02
5.607512e+00,1.167539e+00,2.540281e+02,3.415846e+02,2064,935,1.129282e+02,1.129282e+02,1.129282e+02,0.000000e+00,-3.793750e-02,-2.377728e+00,4.970886e+02,3.042446e+02
5.710303e+00,1.167539e+00,2.580281e+02,3.515846e+02,229,229,-2.541467e+02,2.541467e+02,0.000000e+00,-4.200772e+00,-3.982437e-02,-2.579062e+00,4.966699e+02,3.056944e+02
5.838712e+00,9.653906e-01,2.588318e+02,3.518694e+02,423,423,-2.153549e+02,2.153549e+02,0.000000e+00,-3.559585e+00,1.816164e-01,5.452600e-01,4.958539e+02,3.007861e+02
5.945834e+00,7.774181e-01,2.584154e+02,3.512544e+02,1000,2000,-2.153549e+02,2.153549e+02,0.000000e+00,-3.559585e+00,-1.000605e+00,8.522081e-01,2.826934e+02,3.232358e+02
6.050943e+00,7.775179e-01,2.514154e+02,3.442544e+02,1000,2000,-2.153549e+02,2.153549e+02,0.000000e+00,-3.559585e+00,-2.303935e+00,8.538194e-01,2.757156e+02,3.162844e+02
6.154183e+00,7.775179e-01,2.434154e+02,3.372544e+02,1000,2000,-2.153549e+02,2.153549e+02,0.000000e+00,-3.559585e+00,-2.303935e+00,8.573168e-01,2.677156e+02,3.092844e+02
6.302922e+00,7.775179e-01,2.334154e+02,3.262544e+02,1000,2000,-2.153549e+02,2.153549e+02,0.000000e+00,-3.559585e+00,-2.303935e+00,8.582344e-01,2.577156e+02,2.982844e+02
6.392033e+00,7.773355e-01,2.274368e+02,3.202416e+02,1000,2000,-2.153549e+02,2.153549e+02,0.000000e+00,-3.559585e+00,-2.304246e+00,-3.057697e+00,2.517156e+02,2.922844e+02
6.503823e+00,7.772744e-01,2.194304e+02,3.122285e+02,1000,2000,-2.153549e+02,2.153549e+02,0.000000e+00,-3.559585e+00,-2.304071e+00,-2.991812e+00,2.437156e+02,2.842844e+02
6.603305e+00,7.772744e-01,2.124304e+02,3.052285e+02,-525,-525,-4.050294e+02,4.050294e+02,0.000000e+00,-6.694701e+00,-2.304071e+00,-2.931072e+00,2.367156e+02,2.772844e+02
6.730288e+00,5.666997e-01,2.125198e+02,3.048585e+02,-541,-541,-4.082120e+02,4.082120e+02,0.000000e+00,-6.747306e+00,-2.304898e+00,-2.877922e+00,2.303632e+02,2.723208e+02
6.822933e+00,4.147177e-01,2.123508e+02,3.046476e+02,2060,939,1.120948e+02,1.120948e+02,1.120948e+02,0.000000e+00,-6.105957e-01,-1.855527e+00,4.577742e+02,2.740707e+02
6.948351e+00,4.147177e-01,2.243508e+02,3.096476e+02,2058,941,1.116661e+02,1.116661e+02,1.116661e+02,0.000000e+00,-3.041154e-02,-1.657613e+00,4.586299e+02,2.749762e+02
7.080804e+00,4.162142e-01,2.362732e+02,3.157334e+02,2448,1356,1.897047e+02,2.868269e+01,1.091937e+02,1.330760e+00,-9.891338e-02,5.314199e-01,4.524174e+02,2.659426e+02
7.167198e+00,4.679331e-01,2.414267e+02,3.175595e+02,2732,1634,2.465969e+02,-2.695247e+01,1.098222e+02,2.260739e+00,-1.231092e-01,5.184116e-01,4.504174e+02,2.569426e+02
7.273686e+00,5.785489e-01,2.442237e+02,3.201761e+02,2544,1441,2.088727e+02,1.171895e+01,1.102958e+02,1.629370e+00,-1.804808e-01,5.031761e-01,4.504136e+02,2.479228e+02
7.398548e+00,6.687161e-01,2.502393e+02,3.240194e+02,2356,1234,1.712506e+02,5.310102e+01,1.121758e+02,9.764432e-01,-1.823713e-01,4.834444e-01,4.494174e+02,2.359426e+02
7.508050e+00,7.119737e-01,2.561747e+02,3.293204e+02,2052,947,1.105905e+02,1.105905e+02,1.105905e+02,0.000000e+00,-1.377561e-01,4.586796e-01,4.494136e+02,2.219228e+02
7.603879e+00,7.119737e-01,2.631747e+02,3.363204e+02,2067,932,1.135502e+02,1.135502e+02,1.135502e+02,0.000000e+00,-8.106134e-02,4.424305e-01,4.494160e+02,2.129123e+02
7.714323e+00,7.119662e-01,2.721530e+02,3.433009e+02,2058,941,1.116025e+02,1.116025e+02,1.116025e+02,0.000000e+00,-8.671278e-02,4.267879e-01,4.484160e+02,2.039123e+02
7.827631e+00,7.118751e-01,2.801530e+02,3.503009e+02,2067,932,1.135644e+02,1.135644e+02,1.135644e+02,0.000000e+00,-8.413598e-02,4.044123e-01,4.484136e+02,1.919228e+02
7.945884e+00,7.118751e-01,2.891530e+02,3.583009e+02,2061,938,1.123329e+02,1.123329e+02,1.123329e+02,0.000000e+00,-1.685352e+00,3.796551e-01,4.484136e+02,1.789228e+02
8.046114e+00,7.119737e-01,2.971747e+02,3.653204e+02,2057,942,1.114966e+02,1.114966e+02,1.114966e+02,0.000000e+00,-1.753354e+00,3.610079e-01,4.474136e+02,1.689228e+02
8.177815e+00,-7.936001e-01,2.838370e+02,2.838370e+02,-390,-390,-3.781478e+02,3.781478e+02,0.000000e+00,-6.250377e+00,1.526430e-01,3.353362e-01,4.474136e+02,1.559228e+02
8.267847e+00,5.577225e-01,3.067419e+02,3.735696e+02,339,339,-2.321080e+02,2.321080e+02,0.000000e+00,-3.836496e+00,1.841082e+00,3.152694e-01,4.474136e+02,1.459228e+02
8.385805e+00,3.637300e-01,3.070930e+02,3.728738e+02,519,519,-1.960184e+02,1.960184e+02,0.000000e+00,-3.239974e+00,-1.517339e+00,2.935080e-01,4.464136e+02,1.349228e+02
8.477534e+00,2.092172e-01,3.067650e+02,3.721377e+02,2058,941,1.116271e+02,1.116271e+02,1.116271e+02,0.000000e+00,3.161393e-01,-1.634308e+00,4.454433e+02,1.269599e+02
8.586019e+00,2.099207e-01,3.177523e+02,3.751896e+02,2076,923,1.153507e+02,1.153507e+02,1.153507e+02,0.000000e+00,-1.994795e-02,-1.805466e+00,4.405485e+02,1.277618e+02
8.713216e+00,-5.013592e-01,3.221466e+02,3.221466e+02,-744,-744,-4.488701e+02,4.488701e+02,0.000000e+00,-7.419341e+00,1.013159e+00,-2.031462e+00,4.389996e+02,1.292186e+02
8.817422e+00,-5.305587e-01,3.288879e+02,3.288879e+02,-709,-709,-4.418039e+02,4.418039e+02,0.000000e+00,-7.302543e+00,8.915582e-03,-2.184847e+00,4.423670e+02,1.299891e+02
8.903582e+00,-1.061431e-01,3.304576e+02,3.770337e+02,2069,930,1.138061e+02,1.138061e+02,1.138061e+02,0.000000e+00,-6.295508e-01,-2.334366e+00,4.432491e+02,1.301507e+02
9.022295e+00,-1.061431e-01,3.414576e+02,3.760337e+02,547,547,-1.904210e+02,1.904210e+02,0.000000e+00,-3.147455e+00,-3.041685e-02,-2.488916e+00,4.435482e+02,1.301813e+02
9.128251e+00,-2.929018e-01,3.410252e+02,3.749243e+02,2090,909,1.181420e+02,1.181420e+02,1.181420e+02,0.000000e+00,-1.183624e-01,-2.715943e+00,4.432841e+02,1.328957e+02
9.243829e+00,-2.929018e-01,3.520252e+02,3.719243e+02,2090,909,1.181420e+02,1.181420e+02,1.181420e+02,0.000000e+00,-3.633389e-02,-2.870301e+00,4.453511e+02,1.308985e+02
9.348076e+00,-2.271288e-01,3.719914e+02,3.719914e+02,2000,1000,1.181420e+02,1.181420e+02,1.181420e+02,0.000000e+00,-1.493823e-01,2.875181e-01,4.460219e+02,1.318940e+02
9.462822e+00,-2.920780e-01,3.730799e+02,3.659816e+02,2000,1000,1.181420e+02,1.181420e+02,1.181420e+02,0.000000e+00,7.505906e-02,2.845831e-01,4.480310e+02,1.310594e+02
9.561995e+00,-2.914342e-01,3.830801e+02,3.630408e+02,274,274,-2.451755e+02,2.451755e+02,0.000000e+00,-4.052488e+00,-3.537646e-02,2.882252e+00,4.489238e+02,1.303161e+02
9.663694e+00,-4.608922e-01,3.825843e+02,3.629578e+02,2000,1000,-2.451755e+02,2.451755e+02,0.000000e+00,-4.052488e+00,1.893231e-01,2.831590e-01,4.502335e+02,1.310079e+02
9.752449e+00,-1.890918e+00,3.905843e+02,3.589578e+02,2000,1000,-2.451755e+02,2.451755e+02,0.000000e+00,-4.052488e+00,1.550159e+00,2.629857e-01,4.456786e+02,1.199861e+02
9.851359e+00,-4.608922e-01,3.995843e+02,3.549578e+02,328,328,-2.343105e+02,2.343105e+02,0.000000e+00,-3.872901e+00,1.644251e+00,2.980893e+00,4.462680e+02,1.179439e+02
9.950614e+00,-6.279471e-01,3.993445e+02,3.544154e+02,542,542,-1.914137e+02,1.914137e+02,0.000000e+00,-3.163863e+00,-8.399450e-01,2.595997e-01,4.468931e+02,1.186916e+02
1.005650e+01,-6.279471e-01,3.989980e+02,3.544048e+02,3197,3197,3.395434e+02,-3.395434e+02,0.000000e+00,5.612288e+00,3.028211e+00,1.964365e+00,4.244870e+02,3.793174e+02
1.016327e+01,-6.224614e-01,3.994255e+02,3.545520e+02,2101,898,1.202257e+02,1.202257e+02,1.202257e+02,0.000000e+00,-4.665202e-01,-2.773384e+00,4.495325e+02,1.187182e+02
1.025195e+01,-6.224614e-01,4.064255e+02,3.485520e+02,532,532,-1.935301e+02,1.935301e+02,0.000000e+00,-3.198845e+00,-3.979579e-01,2.644272e-01,4.494883e+02,1.217069e+02
1.035197e+01,-6.224614e-01,4.064613e+02,3.486612e+02,2797,2797,2.595526e+02,-2.595526e+02,0.000000e+00,4.290125e+00,3.058112e+00,1.952891e+00,4.314706e+02,3.740905e+02
1.046888e+01,-5.933476e-01,4.061272e+02,3.494635e+02,431,431,-2.137888e+02,2.137888e+02,0.000000e+00,-3.533699e+00,-1.006910e+00,3.429297e-01,4.265286e+02,1.522863e+02
1.056628e+01,-5.933476e-01,4.063876e+02,3.486443e+02,2091,908,1.183485e+02,1.183485e+02,1.183485e+02,0.000000e+00,4.921675e-01,-2.569606e+00,4.438357e+02,1.313821e+02
1.067582e+01,-2.455060e-01,4.143876e+02,3.416443e+02,38,38,-2.923241e+02,2.923241e+02,0.000000e+00,-4.831804e+00,-8.079967e-01,2.863264e-01,4.448790e+02,1.309797e+02
1.080371e+01,-5.348588e-01,4.142971e+02,3.414266e+02,353,353,-2.292558e+02,2.292558e+02,0.000000e+00,-3.789353e+00,2.863973e-01,2.791865e-01,4.409128e+02,1.263981e+02
1.091309e+01,-5.348588e-01,4.141580e+02,3.409146e+02,318,318,-2.362945e+02,2.362945e+02,0.000000e+00,-3.905695e+00,-4.737608e-02,2.703007e-01,4.309128e+02,1.193981e+02
1.102780e+01,-5.348588e-01,4.133291e+02,3.404952e+02,233,233,-2.533083e+02,2.533083e+02,0.000000e+00,-4.186915e+00,-5.250079e-02,2.688036e-01,4.189128e+02,1.153981e+02
1.111699e+01,-5.348588e-01,4.136166e+02,3.405603e+02,-1632,-1632,-6.264011e+02,6.264011e+02,0.000000e+00,-1.035374e+01,-4.389075e-02,2.676224e-01,4.099128e+02,1.123981e+02
1.132826e+01,-5.348588e-01,4.132856e+02,3.406418e+02,-1628,-1628,-6.257020e+02,6.257020e+02,0.000000e+00,-1.034218e+01,-8.618784e-02,2.663911e-01,3.899128e+02,1.063981e+02
1.141735e+01,-5.348588e-01,4.130570e+02,3.404239e+02,-1637,-1637,-6.274167e+02,6.274167e+02,0.000000e+00,-1.037052e+01,-2.754561e-02,2.637402e-01,3.829128e+02,1.033981e+02
1.150831e+01,-5.348588e-01,4.126560e+02,3.410984e+02,4074,4074,5.148765e+02,-5.148765e+02,0.000000e+00,8.510356e+00,4.377945e+00,7.589041e-01,3.825346e+02,3.627834e+02
1.161402e+01,-5.348588e-01,4.126567e+02,3.410630e+02,-1651,-1651,-6.303325e+02,6.303325e+02,0.000000e+00,-1.041872e+01,-1.355554e+00,2.615122e-01,3.639128e+02,9.739812e+01
1.172421e+01,-5.348588e-01,4.122725e+02,3.414156e+02,4058,4058,5.117975e+02,-5.117975e+02,0.000000e+00,8.459462e+00,4.439259e+00,1.773944e+00,3.824259e+02,3.635556e+02
1.182074e+01,-5.348588e-01,4.127787e+02,3.404690e+02,4079,4079,5.159486e+02,-5.159486e+02,0.000000e+00,8.528077e+00,3.175594e+00,7.553388e-01,3.795945e+02,3.574332e+02
1.191925e+01,-5.348588e-01,4.125383e+02,3.405082e+02,-1634,-1634,-6.268029e+02,6.268029e+02,0.000000e+00,-1.036038e+01,-1.390130e+00,2.727464e-01,3.559550e+02,9.956673e+01
1.201066e+01,-5.348588e-01,4.130799e+02,3.414084e+02,-1637,-1637,-6.275445e+02,6.275445e+02,0.000000e+00,-1.037264e+01,3.640977e-03,2.929759e+00,3.575331e+02,9.967406e+01
1.213944e+01,-5.348588e-01,4.127832e+02,3.414041e+02,2060,939,1.120637e+02,1.120637e+02,1.120637e+02,0.000000e+00,8.751230e-01,6.282140e-01,4.420619e+02,3.211062e+02
1.223753e+01,-5.348588e-01,4.067832e+02,3.334041e+02,2060,939,1.120637e+02,1.120637e+02,1.120637e+02,0.000000e+00,1.760217e-03,6.227254e-01,4.360619e+02,3.131062e+02
1.234690e+01,-5.348588e-01,4.007832e+02,3.244041e+02,2060,939,1.120637e+02,1.120637e+02,1.120637e+02,0.000000e+00,1.760217e-03,6.154897e-01,4.300619e+02,3.041062e+02
1.246269e+01,-5.348588e-01,3.937832e+02,3.144041e+02,2060,939,1.120637e+02,1.120637e+02,1.120637e+02,0.000000e+00,1.760217e-03,6.074869e-01,4.230619e+02,2.941062e+02
1.256755e+01,-5.348588e-01,3.877832e+02,3.064041e+02,2060,939,1.120637e+02,1.120637e+02,1.120637e+02,0.000000e+00,1.760217e-03,6.012708e-01,4.170619e+02,2.861062e+02
1.268843e+01,-5.348588e-01,3.807832e+02,2.964041e+02,2060,939,1.120637e+02,1.120637e+02,1.120637e+02,0.000000e+00,1.760217e-03,5.926001e-01,4.100619e+02,2.761062e+02
1.277899e+01,-2.444234e+00,0.000000e+00,0.000000e+00,-2147483648,-2147483648,4.763922e+09,4.763922e+09,4.763922e+09,0.000000e+00,3.653672e+00,5.846879e-01,4.050619e+02,2.681062e+02
1.293230e+01,-2.477498e+00,0.000000e+00,0.000000e+00,5390,5390,7.781057e+02,-7.781057e+02,0.000000e+00,1.286125e+01,3.141593e+00,4.146418e-01,2.789164e+02,1.227682e+02
1.305194e+01,-2.450008e+00,0.000000e+00,0.000000e+00,5357,5357,7.714532e+02,-7.714532e+02,0.000000e+00,1.275129e+01,3.141593e+00,4.146418e-01,2.789164e+02,1.227682e+02
1.320890e+01,-1.970114e+00,3.761086e+02,2.883799e+02,4884,4884,6.769061e+02,-6.769061e+02,0.000000e+00,1.118853e+01,-6.217054e-02,3.793333e-01,2.929164e+02,1.167682e+02
1.338135e+01,-1.639646e+00,3.804612e+02,2.882000e+02,4892,4892,6.785386e+02,-6.785386e+02,0.000000e+00,1.121551e+01,-3.026988e-01,3.422668e-01,3.109230e+02,1.107786e+02
1.352908e+01,-1.401317e+00,3.805945e+02,2.891080e+02,4610,4610,6.221789e+02,-6.221789e+02,0.000000e+00,1.028395e+01,-1.875359e-01,3.147059e-01,3.249164e+02,1.057682e+02
1.362430e+01,-1.279892e+00,3.771978e+02,2.889744e+02,4035,4035,5.070501e+02,-5.070501e+02,0.000000e+00,8.380994e+00,-6.411177e-02,2.958514e-01,3.339230e+02,1.017786e+02
1.374160e+01,-1.087828e+00,3.770612e+02,2.888367e+02,2360,1156,1.720018e+02,6.860966e+01,1.203057e+02,8.544805e-01,-1.579093e-01,2.796831e-01,3.439230e+02,9.877857e+01
1.382686e+01,-1.064662e+00,3.808974e+02,2.821960e+02,2302,1140,1.604330e+02,7.196196e+01,1.161975e+02,7.311652e-01,4.219132e-03,2.616412e-01,3.539336e+02,9.477623e+01
1.393439e+01,-1.039321e+00,3.857846e+02,2.747622e+02,2097,902,1.194860e+02,1.194860e+02,1.194860e+02,0.000000e+00,-5.550251e-02,2.855469e+00,3.551347e+02,9.121265e+01
1.404832e+01,-1.039321e+00,3.917846e+02,2.647622e+02,2095,904,1.191449e+02,1.191449e+02,1.191449e+02,0.000000e+00,4.545999e-01,3.083343e+00,3.549233e+02,8.638074e+01
1.415510e+01,-1.039321e+00,3.967846e+02,2.557622e+02,1000,2000,1.191449e+02,1.191449e+02,1.191449e+02,0.000000e+00,-5.409444e-01,2.420353e-01,3.572348e+02,8.819234e+01
1.426632e+01,-1.039321e+00,3.907846e+02,2.647622e+02,2095,904,1.191449e+02,1.191449e+02,1.191449e+02,0.000000e+00,5.839750e-01,-2.852081e+00,3.575690e+02,8.828298e+01
1.438682e+01,-1.039321e+00,3.967846e+02,2.547622e+02,147,147,-2.705574e+02,2.705574e+02,0.000000e+00,-4.472024e+00,-4.919341e-03,-2.724860e+00,3.611775e+02,9.213193e+01
1.449618e+01,-1.338931e+00,3.962821e+02,2.547358e+02,2116,883,1.233284e+02,1.233284e+02,1.233284e+02,0.000000e+00,5.027206e-01,-2.725138e+00,3.701760e+02,1.011658e+02
1.462379e+01,-1.338931e+00,4.012821e+02,2.427358e+02,144,144,-2.710837e+02,2.710837e+02,0.000000e+00,-4.480722e+00,-1.411511e-01,-2.725091e+00,3.811760e+02,1.061658e+02
1.472720e+01,-1.338931e+00,4.009277e+02,2.419761e+02,509,509,-1.980576e+02,1.980576e+02,0.000000e+00,-3.273680e+00,-4.228612e-01,-2.724706e+00,3.921775e+02,1.111319e+02
1.486792e+01,-1.338931e+00,4.000113e+02,2.424063e+02,2088,911,1.176254e+02,1.176254e+02,1.176254e+02,0.000000e+00,9.799820e-01,-2.725138e+00,4.041760e+02,1.161658e+02
1.496417e+01,-1.338931e+00,4.000164e+02,2.324204e+02,2091,908,1.182654e+02,1.182654e+02,1.182654e+02,0.000000e+00,7.513224e-01,-2.725138e+00,4.131760e+02,1.211658e+02
1.509593e+01,-1.338931e+00,3.990113e+02,2.194063e+02,2084,915,1.169017e+02,1.169017e+02,1.169017e+02,0.000000e+00,1.297858e+00,-2.725138e+00,4.241760e+02,1.261658e+02
1.520915e+01,-1.338931e+00,3.990113e+02,2.084063e+02,2299,1106,1.598653e+02,7.879569e+01,1.193305e+02,6.699964e-01,3.361842e-01,-2.725138e+00,4.361760e+02,1.311658e+02
1.532576e+01,2.648373e+00,3.201030e+02,3.201030e+02,-2922,-2922,-8.844242e+02,8.844242e+02,0.000000e+00,-1.461858e+01,3.903322e+00,-2.725138e+00,4.451760e+02,1.351658e+02
1.554757e+01,2.720085e+00,3.200931e+02,3.200931e+02,-2918,-2918,-8.837162e+02,8.837162e+02,0.000000e+00,-1.460688e+01,-3.557754e+00,-2.676246e+00,4.639352e+02,1.416419e+02
1.562905e+01,2.712198e+00,3.201030e+02,3.201030e+02,-2909,-2909,-8.819198e+02,8.819198e+02,0.000000e+00,-1.457719e+01,-3.555196e+00,-3.091707e+00,4.283973e+02,1.798259e+02
1.571702e+01,2.697374e+00,3.200970e+02,3.200970e+02,-2891,-2891,-8.782643e+02,8.782643e+02,0.000000e+00,-1.451676e+01,-3.534553e+00,-2.402579e+00,4.665625e+02,1.398910e+02
1.579748e+01,2.679602e+00,3.201030e+02,3.201030e+02,1000,2000,-8.782643e+02,8.782643e+02,0.000000e+00,-1.451676e+01,-3.602597e+00,2.970777e+00,3.734190e+02,2.267952e+02
1.591008e+01,2.749102e+00,3.201030e+02,3.201030e+02,-3010,-3010,-9.020431e+02,9.020431e+02,0.000000e+00,-1.490980e+01,-3.572992e+00,2.952720e+00,3.814190e+02,2.347952e+02
1.601224e+01,2.749102e+00,4.049734e+02,2.064213e+02,1000,2000,-9.020431e+02,9.020431e+02,0.000000e+00,-1.490980e+01,-1.634694e+00,5.533841e-01,3.863427e+02,2.386714e+02
1.612711e+01,2.749102e+00,4.149734e+02,2.124213e+02,114,114,-2.771886e+02,2.771886e+02,0.000000e+00,-4.581630e+00,-1.634694e+00,5.530595e-01,3.963427e+02,2.446714e+02
1.620017e+01,-2.758532e+00,4.144824e+02,2.125455e+02,3542,3542,4.085419e+02,-4.085419e+02,0.000000e+00,6.752759e+00,2.348115e+00,3.938048e-01,4.335578e+02,1.801474e+02
1.631260e+01,-2.758532e+00,4.142093e+02,2.126228e+02,6747,6747,1.049422e+03,-1.049422e+03,0.000000e+00,1.734581e+01,4.134265e+00,5.540529e-01,3.938843e+02,2.436944e+02
1.640258e+01,-2.758532e+00,4.151246e+02,2.122626e+02,6743,6743,1.048712e+03,-1.048712e+03,0.000000e+00,1.733408e+01,4.228674e+00,5.509353e-01,3.903239e+02,2.398122e+02
1.651486e+01,-2.758532e+00,4.145378e+02,2.118412e+02,1000,2000,1.048712e+03,-1.048712e+03,0.000000e+00,1.733408e+01,4.343890e+00,5.468458e-01,3.852850e+02,2.345514e+02
1.658779e+01,-2.758532e+00,4.195378e+02,2.188412e+02,6760,6760,1.052160e+03,-1.052160e+03,0.000000e+00,1.739108e+01,4.343890e+00,5.542082e-01,3.902850e+02,2.415514e+02
1.668121e+01,-2.010024e+00,4.196520e+02,2.179555e+02,3681,3681,4.363135e+02,-4.363135e+02,0.000000e+00,7.211794e+00,2.242544e+00,-1.983158e+00,4.856863e+02,2.086569e+02
1.677383e+01,-1.804207e+00,4.230892e+02,2.167634e+02,5587,5587,8.174895e+02,-8.174895e+02,0.000000e+00,1.351222e+01,3.996513e+00,-2.716099e+00,3.844566e+02,2.305342e+02
1.687201e+01,-1.691923e+00,4.194342e+02,2.176334e+02,4187,4187,5.375080e+02,-5.375080e+02,0.000000e+00,8.884429e+00,2.571929e+00,4.843408e-01,4.622844e+02,2.432267e+02
1.698761e+01,-1.453107e+00,4.236595e+02,2.187407e+02,4087,4087,5.174735e+02,-5.174735e+02,0.000000e+00,8.553282e+00,2.491407e+00,-2.398007e+00,4.662812e+02,2.541071e+02
1.709711e+01,-1.276845e+00,4.241914e+02,2.194823e+02,3956,3956,4.913183e+02,-4.913183e+02,0.000000e+00,8.120963e+00,2.379115e+00,-2.398242e+00,4.702933e+02,2.631556e+02
1.719280e+01,-1.161608e+00,4.205069e+02,2.185956e+02,3883,3883,4.767019e+02,-4.767019e+02,0.000000e+00,7.879370e+00,2.273987e+00,5.241081e-01,4.742933e+02,2.741556e+02
1.730159e+01,-1.161608e+00,4.205368e+02,2.189709e+02,3934,3934,4.868770e+02,-4.868770e+02,0.000000e+00,8.047554e+00,2.280967e+00,-2.398242e+00,4.772933e+02,2.821556e+02
1.740401e+01,-1.161608e+00,4.216458e+02,2.190356e+02,4832,4832,6.664570e+02,-6.664570e+02,0.000000e+00,1.101582e+01,3.538624e+00,-2.812641e+00,3.416620e+02,2.791459e+02
1.750080e+01,-1.161608e+00,4.217181e+02,2.185386e+02,3459,3459,3.919332e+02,-3.919332e+02,0.000000e+00,6.478235e+00,1.927066e+00,4.804096e-01,5.161424e+02,2.689781e+02
1.761206e+01,-1.161608e+00,4.215480e+02,2.186408e+02,1000,2000,3.919332e+02,-3.919332e+02,0.000000e+00,6.478235e+00,1.920153e+00,4.805531e-01,5.182883e+02,2.701910e+02
1.771536e+01,-1.161608e+00,4.125377e+02,2.235798e+02,3398,3398,3.797045e+02,-3.797045e+02,0.000000e+00,6.276107e+00,1.851864e+00,-1.293666e+00,5.172353e+02,2.714099e+02
1.780852e+01,-1.161608e+00,4.128315e+02,2.242327e+02,3416,3416,3.833746e+02,-3.833746e+02,0.000000e+00,6.336770e+00,1.854452e+00,-1.142058e+00,5.161995e+02,2.713620e+02
1.790868e+01,-1.161608e+00,4.122416e+02,2.242725e+02,3498,3498,3.996036e+02,-3.996036e+02,0.000000e+00,6.605018e+00,1.940343e+00,-1.141974e+00,5.071995e+02,2.773620e+02
1.801532e+01,-1.161608e+00,4.126603e+02,2.240517e+02,3665,3665,4.331012e+02,-4.331012e+02,0.000000e+00,7.158697e+00,2.032886e+00,-1.141974e+00,5.021995e+02,2.873620e+02
1.810830e+01,-1.161608e+00,4.112649e+02,2.288147e+02,3688,3688,4.377462e+02,-4.377462e+02,0.000000e+00,7.235475e+00,2.066770e+00,-1.141603e+00,4.982336e+02,2.954292e+02
1.820915e+01,-1.161608e+00,4.123537e+02,2.251143e+02,3862,3862,4.725702e+02,-4.725702e+02,0.000000e+00,7.811078e+00,2.174089e+00,-1.141974e+00,4.931995e+02,3.063620e+02
1.832068e+01,-1.161608e+00,4.122339e+02,2.258104e+02,3929,3929,4.858363e+02,-4.858363e+02,0.000000e+00,8.030352e+00,2.227707e+00,-1.141603e+00,4.892336e+02,3.144292e+02
1.841537e+01,-1.161608e+00,4.118107e+02,2.255721e+02,4074,4074,5.149096e+02,-5.149096e+02,0.000000e+00,8.510903e+00,2.284985e+00,-1.142058e+00,4.851995e+02,3.243620e+02
1.851815e+01,-1.730624e+00,4.122750e+02,2.253413e+02,4807,4807,6.615641e+02,-6.615641e+02,0.000000e+00,1.093494e+01,2.808844e+00,6.044630e-01,4.812146e+02,3.323791e+02
1.861869e+01,1.021422e+00,4.110749e+02,2.261121e+02,2067,932,1.135819e+02,1.135819e+02,1.135819e+02,0.000000e+00,3.709806e-02,6.209590e-01,4.772146e+02,3.413791e+02
1.874896e+01,1.021376e+00,4.180749e+02,2.371121e+02,2643,1525,2.286644e+02,-5.048410e+00,1.118080e+02,1.931511e+00,-5.033162e-01,7.853982e-01,4.362571e+02,4.362571e+02
1.886805e+01,1.121957e+00,4.207247e+02,2.419060e+02,2047,952,1.095565e+02,1.095565e+02,1.095565e+02,0.000000e+00,4.010120e-01,6.303052e-01,4.795832e+02,3.498954e+02
1.898147e+01,1.121954e+00,4.257247e+02,2.519060e+02,2047,952,1.095565e+02,1.095565e+02,1.095565e+02,0.000000e+00,8.401993e-03,-5.914940e-01,4.795088e+02,3.520158e+02
1.910638e+01,1.122759e+00,4.316499e+02,2.638966e+02,2039,960,1.079073e+02,1.079073e+02,1.079073e+02,0.000000e+00,2.786209e-02,-4.131311e-01,4.764039e+02,3.515671e+02
1.923352e+01,1.122704e+00,4.366499e+02,2.748966e+02,2039,960,1.079073e+02,1.079073e+02,1.079073e+02,0.000000e+00,1.618725e-02,-1.867572e-01,4.756034e+02,3.531306e+02
1.936205e+01,1.122104e+00,4.431615e+02,2.878390e+02,2213,1110,1.427007e+02,7.780247e+01,1.102516e+02,5.363486e-01,2.818105e-01,-1.866966e-01,4.626034e+02,3.471306e+02
1.945849e+01,-2.648413e+00,0.000000e+00,0.000000e+00,-2147483648,-2147483648,4.763922e+09,4.763922e+09,4.763922e+09,1.168873e+00,-3.023988e+00,-9.300331e-01,4.135478e+02,3.089130e+02
1.954928e+01,9.921450e-01,4.460371e+02,2.944260e+02,2773,1630,2.546333e+02,-2.604133e+01,1.142960e+02,2.319625e+00,1.114373e+00,-1.690374e-01,4.439182e+02,3.525081e+02
1.964124e+01,1.085967e+00,4.479188e+02,2.972601e+02,2699,1548,2.398187e+02,-9.785934e+00,1.150164e+02,2.062848e+00,-1.601746e-01,-1.706250e-01,4.324843e+02,3.544462e+02
1.976383e+01,1.197879e+00,4.499371e+02,3.020956e+02,2567,1410,2.135033e+02,1.784932e+01,1.156763e+02,1.616975e+00,-5.145569e-01,-2.354377e-01,4.212404e+02,3.514863e+02
1.985556e+01,1.260899e+00,4.517054e+02,3.078665e+02,2467,1341,1.934213e+02,3.171505e+01,1.125682e+02,1.336415e+00,-1.168745e+00,-2.485909e-01,4.110528e+02,3.512023e+02
1.998684e+01,1.383461e+00,4.502039e+02,3.165132e+02,2304,1165,1.609585e+02,6.694128e+01,1.139499e+02,7.770019e-01,2.271397e+00,-1.866966e-01,3.996034e+02,3.591306e+02
2.007533e+01,1.358414e+00,4.550431e+02,3.237727e+02,2323,1194,1.646627e+02,6.115590e+01,1.129093e+02,8.554283e-01,3.467776e-01,2.552535e-01,3.968692e+02,3.968692e+02
2.017095e+01,1.437069e+00,4.531220e+02,3.317683e+02,2231,1102,1.463001e+02,7.955570e+01,1.129279e+02,5.516065e-01,-4.573922e+00,-1.867156e-01,3.826023e+02,3.621377e+02
2.025987e+01,1.453111e+00,4.544473e+02,3.397333e+02,2226,1095,1.452587e+02,8.090246e+01,1.130806e+02,5.318698e-01,-4.520111e+00,-1.866966e-01,3.726034e+02,3.641306e+02
2.037138e+01,1.421460e+00,4.597048e+02,3.482624e+02,2284,1134,1.568574e+02,7.311000e+01,1.149837e+02,6.921271e-01,-4.458592e+00,-1.291674e-01,3.689153e+02,3.689153e+02
2.048467e+01,1.447628e+00,4.606726e+02,3.583545e+02,2249,1103,1.499092e+02,7.931575e+01,1.146125e+02,5.834171e-01,-4.406954e+00,-1.866966e-01,3.506034e+02,3.681306e+02
2.061744e+01,1.470298e+00,4.618052e+02,3.704812e+02,-3130,-3130,-9.260113e+02,9.260113e+02,0.000000e+00,-1.530597e+01,-4.367973e+00,-1.867156e-01,3.396023e+02,3.701377e+02
2.069852e+01,1.330557e+00,4.620892e+02,3.695920e+02,2362,1226,1.725045e+02,5.476059e+01,1.136325e+02,9.730899e-01,-4.270640e+00,-1.866761e-01,3.296034e+02,3.711306e+02
2.082165e+01,1.426521e+00,4.604860e+02,3.796661e+02,-4000,-4000,-1.100197e+03,1.100197e+03,0.000000e+00,-1.818508e+01,-4.327169e+00,-1.866727e-01,3.175823e+02,3.741348e+02
2.092198e+01,1.212027e+00,4.644751e+02,3.792308e+02,2528,1377,2.057754e+02,2.440812e+01,1.150918e+02,1.498903e+00,-3.991356e+00,1.868258e-02,4.309957e+02,3.914435e+02
2.105300e+01,1.294891e+00,4.674021e+02,3.871923e+02,-3860,-3860,-1.072099e+03,1.072099e+03,0.000000e+00,-1.772064e+01,-4.223002e+00,3.979046e-02,3.100392e+02,3.810751e+02
2.114308e+01,1.144467e+00,4.668879e+02,3.872589e+02,-3675,-3675,-1.035198e+03,1.035198e+03,0.000000e+00,-1.711071e+01,-4.089495e+00,2.195269e-01,3.081055e+02,3.813119e+02
2.125830e+01,9.521976e-01,4.673131e+02,3.865117e+02,2831,1691,2.662304e+02,-3.831078e+01,1.139598e+02,2.516869e+00,-3.993810e+00,2.789390e-01,4.381189e+02,4.070352e+02
2.135526e+01,1.063597e+00,4.686658e+02,3.898910e+02,-3553,-3553,-1.010627e+03,1.010627e+03,0.000000e+00,-1.670457e+01,-3.990198e+00,5.675581e-01,3.072575e+02,3.784540e+02
2.147369e+01,8.686080e-01,4.688407e+02,3.896371e+02,-1791,-1791,-6.583213e+02,6.583213e+02,0.000000e+00,-1.088134e+01,-3.782857e+00,6.177776e-01,3.012047e+02,3.698899e+02
2.156708e+01,7.166959e-01,4.690773e+02,3.894858e+02,-1960,-1960,-6.921646e+02,6.921646e+02,0.000000e+00,-1.144074e+01,-3.624563e+00,6.177776e-01,2.952047e+02,3.628899e+02
2.169633e+01,5.036330e-01,4.698329e+02,3.888503e+02,-2094,-2094,-7.189527e+02,7.189527e+02,0.000000e+00,-1.188352e+01,-3.425991e+00,6.171686e-01,2.862311e+02,3.568521e+02
2.178914e+01,3.489097e-01,4.702717e+02,3.883239e+02,-511,-511,-4.022076e+02,4.022076e+02,0.000000e+00,-6.648060e+00,-2.302840e+00,1.793490e-01,4.807767e+02,3.527070e+02
2.190480e+01,2.042611e-01,4.695975e+02,3.918789e+02,-2513,-2513,-8.027469e+02,8.027469e+02,0.000000e+00,-1.326854e+01,-3.116568e+00,6.171686e-01,2.672311e+02,3.438521e+02
2.199056e+01,6.094007e-02,4.695437e+02,3.913860e+02,-2359,-2359,-7.719545e+02,7.719545e+02,0.000000e+00,-1.275958e+01,-2.975668e+00,6.169653e-01,2.602630e+02,3.378211e+02
2.208006e+01,-8.701041e-02,4.707649e+02,3.917415e+02,-2166,-2166,-7.333774e+02,7.333774e+02,0.000000e+00,-1.212194e+01,-2.831966e+00,6.168676e-01,2.532630e+02,3.328211e+02
2.216589e+01,-2.732361e-01,4.702169e+02,3.876770e+02,-1943,-1943,-6.887215e+02,6.887215e+02,0.000000e+00,-1.138383e+01,-2.671228e+00,6.168676e-01,2.472630e+02,3.288211e+02
2.229354e+01,-4.834171e-01,4.692898e+02,3.871036e+02,-1712,-1712,-6.424510e+02,6.424510e+02,0.000000e+00,-1.061902e+01,-2.458791e+00,6.171686e-01,2.352311e+02,3.198521e+02
2.239338e+01,-6.515564e-01,4.698045e+02,3.865967e+02,-1489,-1489,-5.979016e+02,5.979016e+02,0.000000e+00,-9.882672e+00,-2.293586e+00,6.168676e-01,2.282630e+02,3.148211e+02
2.250783e+01,-6.515564e-01,4.699204e+02,3.873337e+02,3165,3165,3.330674e+02,-3.330674e+02,0.000000e+00,5.505247e+00,2.183036e+00,4.111977e-01,4.962545e+02,4.113616e+02
2.259502e+01,-6.515564e-01,4.697893e+02,3.873775e+02,-1498,-1498,-5.996219e+02,5.996219e+02,0.000000e+00,-9.911105e+00,-2.261980e+00,6.171648e-01,2.112225e+02,3.028456e+02
2.271264e+01,-6.515564e-01,4.695971e+02,3.872183e+02,-1504,-1504,-6.008618e+02,6.008618e+02,0.000000e+00,-9.931600e+00,-2.247140e+00,6.169653e-01,2.012630e+02,2.958211e+02
2.281386e+01,-6.515564e-01,4.693196e+02,3.865671e+02,-1490,-1490,-5.980627e+02,5.980627e+02,0.000000e+00,-9.885334e+00,-2.238846e+00,6.171686e-01,1.942311e+02,2.908521e+02
2.293236e+01,-6.515564e-01,4.692477e+02,3.864108e+02,-1496,-1496,-5.993023e+02,5.993023e+02,0.000000e+00,-9.905823e+00,3.637483e+00,4.202762e-01,4.332670e+02,3.771267e+02
2.300287e+01,-6.515564e-01,4.690000e+02,3.861889e+02,-1505,-1505,-6.010649e+02,6.010649e+02,0.000000e+00,-9.934957e+00,-2.218384e+00,6.168676e-01,1.792630e+02,2.798211e+02
2.308073e+01,-1.439912e+00,4.717808e+02,3.867771e+02,-528,-528,-4.056984e+02,4.056984e+02,0.000000e+00,-6.705758e+00,-1.451660e+00,6.169653e-01,1.812630e+02,2.808211e+02
2.316469e+01,-1.439912e+00,4.678403e+02,3.864027e+02,-543,-543,-4.086473e+02,4.086473e+02,0.000000e+00,-6.754501e+00,-9.620066e-03,6.169653e-01,1.872630e+02,2.858211e+02
2.325641e+01,-1.750680e+00,4.715965e+02,3.854751e+02,-164,-164,-3.328433e+02,3.328433e+02,0.000000e+00,-5.501543e+00,3.022669e-01,6.177776e-01,1.952047e+02,2.908899e+02
2.334498e+01,-1.750680e+00,4.673925e+02,3.868009e+02,-151,-151,-3.302251e+02,3.302251e+02,0.000000e+00,-5.458266e+00,-6.417263e-03,6.169653e-01,2.022630e+02,2.968211e+02
2.346735e+01,-1.750680e+00,4.674531e+02,3.861813e+02,5537,5537,8.074745e+02,-8.074745e+02,0.000000e+00,1.334669e+01,4.924107e+00,5.048786e-01,4.374766e+02,4.079673e+02
2.355621e+01,-1.750680e+00,4.676665e+02,3.864723e+02,5546,5546,8.092586e+02,-8.092586e+02,0.000000e+00,1.337618e+01,3.846967e+00,5.381355e-01,4.346111e+02,4.034120e+02
2.367007e+01,-1.750680e+00,4.685188e+02,3.863404e+02,-169,-169,-3.339015e+02,3.339015e+02,0.000000e+00,-5.519033e+00,-1.181527e+00,1.147877e+00,1.967384e+02,2.992657e+02
2.377308e+01,-1.750680e+00,4.681529e+02,3.863578e+02,1000,2000,-3.339015e+02,3.339015e+02,0.000000e+00,-5.519033e+00,8.011341e-03,9.851807e-01,1.970579e+02,2.971211e+02
2.389000e+01,-1.750680e+00,4.721529e+02,3.973578e+02,-168,-168,-3.337295e+02,3.337295e+02,0.000000e+00,-5.516190e+00,3.227565e-02,1.448889e+00,1.985667e+02,2.989204e+02
2.399004e+01,-1.750680e+00,4.724040e+02,3.971828e+02,-175,-175,-3.351460e+02,3.351460e+02,0.000000e+00,-5.539604e+00,-3.417545e-02,1.447869e+00,2.046505e+02,3.099183e+02
2.410442e+01,-1.750680e+00,4.717147e+02,3.975899e+02,2659,2659,2.318787e+02,-2.318787e+02,0.000000e+00,3.832705e+00,3.125702e+00,4.118140e-01,4.979298e+02,3.735307e+02
2.422180e+01,-1.750680e+00,4.715649e+02,3.971246e+02,5541,5541,8.083722e+02,-8.083722e+02,0.000000e+00,1.336152e+01,3.760234e+00,5.947143e-01,4.415207e+02,4.188295e+02
2.433716e+01,-1.750680e+00,4.722933e+02,3.968251e+02,5531,5531,8.062302e+02,-8.062302e+02,0.000000e+00,1.332612e+01,3.871073e+00,5.572505e-01,4.385413e+02,4.123716e+02
2.444654e+01,-1.729772e+00,4.766758e+02,3.962921e+02,-196,-196,-3.393562e+02,3.393562e+02,0.000000e+00,-5.609194e+00,-1.370640e+00,1.448889e+00,2.105667e+02,3.549204e+02
2.455941e+01,-1.729772e+00,4.720701e+02,3.968987e+02,-172,-172,-3.344305e+02,3.344305e+02,0.000000e+00,-5.527777e+00,-3.698398e-02,1.472270e+00,2.107533e+02,3.649812e+02
2.467589e+01,-1.729772e+00,4.723963e+02,3.971731e+02,-201,-201,-3.402829e+02,3.402829e+02,0.000000e+00,-5.624510e+00,-8.080386e-04,1.676210e+00,2.046062e+02,3.647971e+02
2.478343e+01,-1.729772e+00,4.719487e+02,3.973844e+02,-193,-193,-3.386550e+02,3.386550e+02,0.000000e+00,-5.597603e+00,3.132129e-01,1.854683e+00,2.055466e+02,3.634979e+02
2.487414e+01,-1.729772e+00,4.720332e+02,3.976532e+02,2454,2454,1.908791e+02,-1.908791e+02,0.000000e+00,3.155026e+00,2.933684e+00,3.046262e-01,4.944803e+02,3.700830e+02
2.499275e+01,-1.729772e+00,4.723289e+02,3.972773e+02,1000,2000,1.908791e+02,-1.908791e+02,0.000000e+00,3.155026e+00,-1.392798e+00,1.051360e+00,2.068311e+02,3.617104e+02
2.510570e+01,-2.323587e+00,4.793289e+02,4.062773e+02,521,521,-1.957446e+02,1.957446e+02,0.000000e+00,-3.235448e+00,6.695721e-01,1.048230e+00,2.070715e+02,3.595151e+02
2.520537e+01,-2.461076e+00,4.787027e+02,4.067991e+02,3370,3370,3.740641e+02,-3.740641e+02,0.000000e+00,6.182878e+00,3.027558e+00,6.478358e-01,5.019181e+02,3.798491e+02
2.531321e+01,-2.316885e+00,4.794628e+02,4.061237e+02,3421,3421,3.842957e+02,-3.842957e+02,0.000000e+00,6.351995e+00,2.323985e+00,6.477142e-01,5.071410e+02,3.837048e+02
2.541624e+01,-2.316885e+00,4.789317e+02,4.064195e+02,518,518,-1.962978e+02,1.962978e+02,0.000000e+00,-3.244591e+00,-5.678336e-01,2.888128e+00,2.118726e+02,3.591334e+02
2.554105e+01,-2.316885e+00,4.794156e+02,4.060015e+02,502,502,-1.995672e+02,1.995672e+02,0.000000e+00,-3.298631e+00,-8.430763e-02,3.086533e+00,2.129014e+02,3.582481e+02
2.565011e+01,-1.185327e+00,4.787221e+02,4.060331e+02,2359,1215,1.719550e+02,5.683946e+01,1.143972e+02,9.513677e-01,1.915699e+00,4.016775e-02,5.009386e+02,3.781886e+02
2.576222e+01,-1.185327e+00,4.716670e+02,4.008518e+02,2408,1244,1.816352e+02,5.103168e+01,1.163334e+02,1.079368e+00,-7.188897e-02,6.470383e-01,4.948831e+02,3.739048e+02
2.586608e+01,-1.185327e+00,4.656979e+02,3.955813e+02,-844,-844,-4.688345e+02,4.688345e+02,0.000000e+00,-7.749330e+00,-2.959991e+00,-2.641603e+00,2.165226e+02,3.615888e+02
2.596695e+01,-1.231922e+00,4.658355e+02,3.957088e+02,2356,1181,1.712985e+02,6.364743e+01,1.174730e+02,8.896782e-01,1.187614e+00,-2.092354e-01,4.854890e+02,3.660573e+02
2.604909e+01,-1.202563e+00,4.602630e+02,3.919428e+02,2345,1150,1.690361e+02,6.994958e+01,1.194928e+02,8.188970e-01,1.184707e-02,-2.662839e-01,4.808421e+02,3.627675e+02
2.613716e+01,-1.180888e+00,4.547510e+02,3.871888e+02,2300,1141,1.601876e+02,7.161282e+01,1.159002e+02,7.320230e-01,1.088797e-02,-3.202319e-01,4.758855e+02,3.585639e+02
2.623534e+01,-1.137045e+00,4.472718e+02,3.825502e+02,2317,1146,1.635113e+02,7.074510e+01,1.171282e+02,7.666631e-01,7.460799e-02,-3.544980e-01,4.691101e+02,3.543744e+02
2.637636e+01,-1.137045e+00,4.391358e+02,3.755115e+02,2323,1150,1.647662e+02,6.987834e+01,1.173223e+02,7.841970e-01,8.150187e-02,-3.499213e-01,4.616391e+02,3.479522e+02
2.654478e+01,-1.137045e+00,4.272005e+02,3.662772e+02,2375,1218,1.751246e+02,5.624128e+01,1.156830e+02,9.825070e-01,7.044016e-02,-3.200380e-01,4.509307e+02,3.397619e+02
2.665070e+01,-1.137045e+00,4.213065e+02,3.601928e+02,2415,1238,1.831003e+02,5.230735e+01,1.177038e+02,1.080934e+00,7.112874e-02,-2.936759e-01,4.459827e+02,3.346450e+02
2.676373e+01,-1.137045e+00,4.153883e+02,3.539888e+02,-886,-886,-4.772290e+02,4.772290e+02,0.000000e+00,-7.888082e+00,-2.467446e+00,-2.060440e+00,1.891107e+02,3.217518e+02
2.687054e+01,-2.512110e+00,4.148308e+02,3.541631e+02,3330,3330,3.660135e+02,-3.660135e+02,0.000000e+00,6.049810e+00,3.261324e+00,-2.512556e-01,4.359345e+02,3.255153e+02
2.695769e+01,-2.512110e+00,4.154820e+02,3.538762e+02,6460,6460,9.920681e+02,-9.920681e+02,0.000000e+00,1.639782e+01,4.060890e+00,5.188905e-02,3.914429e+02,3.819095e+02
2.706664e+01,-1.973392e+00,4.156869e+02,3.534883e+02,105,105,-2.788542e+02,2.788542e+02,0.000000e+00,-4.609161e+00,4.920394e+00,-2.060678e+00,1.740999e+02,2.927494e+02
2.715479e+01,-1.973392e+00,4.154036e+02,3.540707e+02,89,89,-2.821416e+02,2.821416e+02,0.000000e+00,-4.663497e+00,4.961479e+00,-2.060440e+00,1.701107e+02,2.857518e+02
2.725123e+01,-2.494099e+00,4.152510e+02,3.536053e+02,3373,3373,3.746675e+02,-3.746675e+02,0.000000e+00,6.192852e+00,2.291402e+00,-9.171461e-02,4.369214e+02,3.253712e+02
2.734503e+01,-2.494099e+00,4.152864e+02,3.542517e+02,3524,3524,4.048461e+02,-4.048461e+02,0.000000e+00,6.691671e+00,2.377269e+00,-3.792379e-02,4.409054e+02,3.296441e+02
2.748395e+01,-1.949050e+00,4.161489e+02,3.538598e+02,5765,5765,8.530396e+02,-8.530396e+02,0.000000e+00,1.409983e+01,3.882788e+00,2.478116e-01,3.857336e+02,3.749953e+02
2.757209e+01,-1.949050e+00,4.162124e+02,3.533532e+02,71,71,-2.857660e+02,2.857660e+02,0.000000e+00,-4.723405e+00,-1.175254e+00,-2.060678e+00,1.520999e+02,2.507494e+02
2.769472e+01,-1.969839e+00,4.153717e+02,3.539288e+02,119,119,-2.761659e+02,2.761659e+02,0.000000e+00,-4.564726e+00,5.523100e-02,-2.011249e+00,1.486451e+02,2.419996e+02
2.780212e+01,-1.969839e+00,4.154036e+02,3.540707e+02,84,84,-2.830014e+02,2.830014e+02,0.000000e+00,-4.677709e+00,-1.284256e-02,-1.814528e+00,1.541881e+02,2.398047e+02
2.791203e+01,-1.148285e+00,4.154226e+02,3.536390e+02,-886,-886,-4.772983e+02,4.772983e+02,0.000000e+00,-7.889229e+00,-8.440657e-01,-1.611649e+00,1.542559e+02,2.419388e+02
2.801459e+01,-1.284787e+00,4.152001e+02,3.541124e+02,-742,-742,-4.484466e+02,4.484466e+02,0.000000e+00,-7.412341e+00,-1.551382e+00,1.008893e+00,1.498072e+02,2.379385e+02
2.812453e+01,-1.439352e+00,4.146982e+02,3.550571e+02,2094,905,1.188423e+02,1.188423e+02,1.188423e+02,0.000000e+00,2.365191e+00,6.475220e-01,4.239248e+02,3.206150e+02
2.820851e+01,-1.425750e+00,4.066982e+02,3.520571e+02,2094,905,1.188423e+02,1.188423e+02,1.188423e+02,0.000000e+00,5.890443e-02,6.521710e-01,4.159248e+02,3.176150e+02
2.831041e+01,-2.883581e+00,3.976982e+02,3.500571e+02,3338,3338,3.677074e+02,-3.677074e+02,0.000000e+00,6.077808e+00,-1.418353e+00,6.596912e-01,4.069248e+02,3.156150e+02
2.839494e+01,-2.742182e+00,3.974847e+02,3.498366e+02,2089,910,1.179846e+02,1.179846e+02,1.179846e+02,0.000000e+00,7.079348e-01,9.317126e-01,1.478531e+02,1.989624e+02
2.852327e+01,-2.742271e+00,3.854847e+02,3.448366e+02,8292,8292,1.358530e+03,-1.358530e+03,0.000000e+00,2.245504e+01,-5.173834e-02,8.983978e-01,1.488531e+02,1.869624e+02
2.861639e+01,-2.588029e+00,3.852345e+02,3.445499e+02,3379,3379,3.758469e+02,-3.758469e+02,0.000000e+00,6.212346e+00,-2.183835e+00,6.613775e-01,4.041255e+02,3.145368e+02
2.874405e+01,-2.095193e+00,3.861767e+02,3.442492e+02,2988,2988,2.977625e+02,-2.977625e+02,0.000000e+00,4.921694e+00,2.126974e+00,6.598387e-01,4.107642e+02,3.186900e+02
2.883712e+01,-2.095193e+00,3.855389e+02,3.442964e+02,7489,7489,1.197960e+03,-1.197960e+03,0.000000e+00,1.980099e+01,-4.106231e-01,8.022599e-01,1.498098e+02,1.549491e+02
2.894144e+01,-2.004797e+00,3.862335e+02,3.436219e+02,7389,7389,1.177881e+03,-1.177881e+03,0.000000e+00,1.946911e+01,-7.633125e-02,7.689090e-01,1.498098e+02,1.449491e+02
2.903365e+01,-1.926084e+00,3.867033e+02,3.433760e+02,7289,7289,1.157996e+03,-1.157996e+03,0.000000e+00,1.914043e+01,-5.884330e-02,7.298177e-01,1.508584e+02,1.349563e+02
2.913757e+01,-1.926084e+00,3.869846e+02,3.437771e+02,5518,5518,8.036840e+02,-8.036840e+02,0.000000e+00,1.328403e+01,3.768883e+00,7.853982e-01,3.995219e+02,3.995219e+02
2.924324e+01,-1.539060e+00,3.867526e+02,3.433578e+02,6821,6821,1.064307e+03,-1.064307e+03,0.000000e+00,1.759185e+01,-9.057278e-01,6.480516e-01,1.518072e+02,1.149385e+02
2.937073e+01,-1.539060e+00,3.869862e+02,3.434535e+02,6827,6827,1.065526e+03,-1.065526e+03,0.000000e+00,1.761200e+01,-2.262296e-01,-1.410791e+00,1.562884e+02,1.094814e+02
2.945501e+01,-1.539060e+00,3.880446e+02,3.439513e+02,6836,6836,1.067298e+03,-1.067298e+03,0.000000e+00,1.764129e+01,-1.312481e-02,-1.286193e+00,1.554919e+02,1.105077e+02
2.955668e+01,-1.539060e+00,3.879111e+02,3.438953e+02,6843,6843,1.068684e+03,-1.068684e+03,0.000000e+00,1.766419e+01,-6.239432e-03,-1.111494e+00,1.571949e+02,1.118424e+02
2.964741e+01,-1.539060e+00,3.371645e+02,3.371645e+02,5994,5994,8.989339e+02,-8.989339e+02,0.000000e+00,1.485841e+01,6.059721e-02,-9.635572e-01,1.556095e+02,1.115805e+02
2.977734e+01,-1.539060e+00,3.260551e+02,3.260551e+02,511,511,-1.977465e+02,1.977465e+02,0.000000e+00,-3.268536e+00,3.165055e-01,-3.615073e-01,1.823605e+02,1.362232e+02
2.987134e+01,-1.539060e+00,3.882642e+02,3.446114e+02,1000,2000,-1.977465e+02,1.977465e+02,0.000000e+00,-3.268536e+00,5.198159e+00,5.740242e-01,3.592207e+02,3.214648e+02
2.999782e+01,-1.539060e+00,3.254763e+02,3.254763e+02,1000,2000,-1.977465e+02,1.977465e+02,0.000000e+00,-3.268536e+00,2.526123e+00,6.543075e-01,3.502207e+02,3.304648e+02
3.009862e+01,-1.539060e+00,3.194666e+02,3.194666e+02,1000,2000,-1.977465e+02,1.977465e+02,0.000000e+00,-3.268536e+00,2.658052e+00,7.158178e-01,3.442207e+02,3.374648e+02
3.021232e+01,-1.539060e+00,3.652642e+02,3.696114e+02,1000,2000,-1.977465e+02,1.977465e+02,0.000000e+00,-3.268536e+00,4.425328e+00,7.961411e-01,3.362207e+02,3.464648e+02
3.031494e+01,-1.539060e+00,3.582642e+02,3.766114e+02,1000,2000,-1.977465e+02,1.977465e+02,0.000000e+00,-3.268536e+00,4.425328e+00,8.597501e-01,3.292207e+02,3.534648e+02
3.042484e+01,-1.539060e+00,3.502642e+02,3.846114e+02,-414,-414,-3.829244e+02,3.829244e+02,0.000000e+00,-6.329329e+00,4.425328e+00,9.389414e-01,3.212207e+02,3.614648e+02
3.053600e+01,-1.539060e+00,3.505774e+02,3.852637e+02,-428,-428,-3.857255e+02,3.857255e+02,0.000000e+00,-6.375628e+00,-4.511157e-01,-3.618749e-01,2.293632e+02,8.018803e+01
3.064840e+01,-1.539060e+00,3.213281e+02,3.213281e+02,511,511,-1.977465e+02,1.977465e+02,0.000000e+00,-3.268536e+00,-3.382927e-01,-6.597644e-01,2.101203e+02,5.603282e+01
3.073856e+01,-1.539060e+00,3.495697e+02,3.843010e+02,5614,5614,8.228086e+02,-8.228086e+02,0.000000e+00,1.360014e+01,3.087257e-01,-4.831849e-01,2.094040e+02,5.729744e+01
3.084756e+01,-1.539060e+00,3.194955e+02,3.194955e+02,511,511,-1.977465e+02,1.977465e+02,0.000000e+00,-3.268536e+00,-5.536347e-03,-3.266981e-01,2.084492e+02,5.737256e+01
3.096078e+01,-1.539060e+00,3.500411e+02,3.842603e+02,1000,2000,-1.977465e+02,1.977465e+02,0.000000e+00,-3.268536e+00,-4.987737e-03,2.816201e-01,2.080272e+02,6.018419e+01
3.107281e+01,-1.539060e+00,3.470411e+02,3.952603e+02,6394,6394,9.788768e+02,-9.788768e+02,0.000000e+00,1.617978e+01,1.980700e-02,5.298971e-02,2.060431e+02,5.653137e+01
3.117839e+01,-1.539060e+00,3.180351e+02,3.180351e+02,511,511,-1.977465e+02,1.977465e+02,0.000000e+00,-3.268536e+00,3.644264e+00,1.081320e+00,3.122304e+02,3.846359e+02
3.129327e+01,-1.298919e+00,3.512864e+02,3.959251e+02,-692,-692,-4.385378e+02,4.385378e+02,0.000000e+00,-7.248558e+00,-7.029548e-01,2.522585e-01,2.157989e+02,5.337797e+01
3.139656e+01,-1.298919e+00,3.470369e+02,3.953605e+02,220,220,-2.558607e+02,2.558607e+02,0.000000e+00,-4.229102e+00,3.456239e-02,2.522585e-01,2.267989e+02,5.637797e+01
3.151012e+01,-1.298919e+00,3.598702e+02,3.598702e+02,6551,6551,1.010296e+03,-1.010296e+03,0.000000e+00,1.669911e+01,-5.185645e-02,2.522585e-01,2.387989e+02,5.937797e+01
3.160644e+01,-1.298919e+00,3.470406e+02,3.953015e+02,220,220,-2.558607e+02,2.558607e+02,0.000000e+00,-4.229102e+00,1.014081e-01,2.522693e-01,2.467797e+02,6.137519e+01
3.169565e+01,-1.298919e+00,3.593331e+02,3.593331e+02,6525,6525,1.005080e+03,-1.005080e+03,0.000000e+00,1.661289e+01,-5.539443e-02,2.522912e-01,2.558084e+02,6.438311e+01
3.179723e+01,-1.298919e+00,3.475680e+02,3.953232e+02,220,220,-2.558607e+02,2.558607e+02,0.000000e+00,-4.229102e+00,1.016565e-01,2.522912e-01,2.648084e+02,6.638311e+01
3.190167e+01,-1.704691e+00,3.506157e+02,3.952281e+02,-229,-229,-3.459270e+02,3.459270e+02,0.000000e+00,-5.717801e+00,4.674926e-01,2.522912e-01,2.758084e+02,6.938311e+01
3.199821e+01,-1.704691e+00,3.469299e+02,3.952925e+02,5501,5501,8.002407e+02,-8.002407e+02,0.000000e+00,1.322712e+01,3.972727e+00,1.283686e+00,3.125297e+02,4.094201e+02
3.209215e+01,-1.711281e+00,3.503655e+02,3.952901e+02,-219,-219,-3.438236e+02,3.438236e+02,0.000000e+00,-5.683034e+00,-3.428657e-02,2.522693e-01,2.947797e+02,7.437519e+01
3.221445e+01,-1.711281e+00,3.470879e+02,3.958931e+02,-194,-194,-3.389538e+02,3.389538e+02,0.000000e+00,-5.602542e+00,4.758139e-02,2.522693e-01,3.067797e+02,7.737519e+01
3.230086e+01,-1.711281e+00,3.459189e+02,3.954125e+02,-214,-214,-3.429066e+02,3.429066e+02,0.000000e+00,-5.667878e+00,-2.772780e-02,2.523646e-01,3.137989e+02,7.937797e+01
3.240855e+01,-3.122880e+00,3.463423e+02,3.963041e+02,4367,4367,5.734742e+02,-5.734742e+02,0.000000e+00,9.478913e+00,2.772523e+00,7.851566e-01,3.738855e+02,3.737048e+02
3.251148e+01,-3.122880e+00,3.466366e+02,3.955257e+02,4557,4557,6.115022e+02,-6.115022e+02,0.000000e+00,1.010748e+01,2.852758e+00,1.141442e+00,3.775455e+02,3.778052e+02
3.266741e+01,-3.122880e+00,3.467925e+02,3.957295e+02,2096,903,1.192046e+02,1.192046e+02,1.192046e+02,0.000000e+00,1.610312e+00,-2.315931e-02,3.341183e+02,8.087604e+01
3.283252e+01,-3.122880e+00,3.428121e+02,3.797535e+02,2096,903,1.192854e+02,1.192854e+02,1.192854e+02,0.000000e+00,1.646958e+00,1.267832e-01,3.397045e+02,8.612024e+01
3.298002e+01,-3.122880e+00,3.387925e+02,3.657295e+02,4863,4863,6.726263e+02,-6.726263e+02,0.000000e+00,1.111779e+01,3.024220e+00,1.260504e+00,3.599840e+02,3.599840e+02
3.311627e+01,-1.562911e+00,3.424133e+02,3.652115e+02,2000,1000,6.726263e+02,-6.726263e+02,0.000000e+00,1.111779e+01,-3.968499e-02,2.549646e-01,3.348020e+02,8.726181e+01
3.322898e+01,-1.562187e+00,3.424612e+02,3.542066e+02,6840,6840,1.068121e+03,-1.068121e+03,0.000000e+00,1.765489e+01,-6.988852e-02,1.109272e+00,3.218745e+02,1.132078e+02
3.331700e+01,-1.562187e+00,3.384185e+02,3.545574e+02,6853,6853,1.070683e+03,-1.070683e+03,0.000000e+00,1.769723e+01,5.571234e-02,1.109035e+00,3.299130e+02,1.172391e+02
3.341783e+01,-1.248033e+00,3.422511e+02,3.558898e+02,2000,1000,1.070683e+03,-1.070683e+03,0.000000e+00,1.769723e+01,4.048938e+00,1.557223e+00,3.023037e+02,3.471916e+02
3.349955e+01,-1.248033e+00,3.452511e+02,3.478898e+02,2000,1000,1.070683e+03,-1.070683e+03,0.000000e+00,1.769723e+01,3.995531e+00,1.570428e+00,3.053037e+02,3.391916e+02
3.359386e+01,-1.248033e+00,3.472511e+02,3.388898e+02,2000,1000,1.070683e+03,-1.070683e+03,0.000000e+00,1.769723e+01,3.995531e+00,1.588777e+00,3.073037e+02,3.301916e+02
3.368787e+01,-2.246564e+00,0.000000e+00,0.000000e+00,-2147483648,-2147483648,4.763922e+09,4.763922e+09,4.763922e+09,0.000000e+00,2.499864e+00,1.109396e+00,3.578793e+02,1.412414e+02
3.375722e+01,-2.256788e+00,0.000000e+00,0.000000e+00,-2147483648,-2147483648,4.763922e+09,4.763922e+09,4.763922e+09,0.000000e+00,2.518743e+00,1.109394e+00,3.638793e+02,1.462414e+02
3.391517e+01,-2.284312e+00,0.000000e+00,0.000000e+00,-2147483648,-2147483648,4.763922e+09,4.763922e+09,4.763922e+09,0.000000e+00,2.561987e+00,1.109303e+00,3.758793e+02,1.562414e+02
3.407397e+01,-2.317357e+00,0.000000e+00,0.000000e+00,5196,5196,7.393517e+02,-7.393517e+02,0.000000e+00,1.222069e+01,2.604932e+00,1.656522e+00,3.299499e+02,2.989253e+02
3.416507e+01,-2.297280e+00,0.000000e+00,0.000000e+00,5172,5172,7.344931e+02,-7.344931e+02,0.000000e+00,1.214038e+01,2.597468e+00,1.109396e+00,3.948793e+02,1.712414e+02
3.426505e+01,-2.277567e+00,0.000000e+00,0.000000e+00,5148,5148,7.297225e+02,-7.297225e+02,0.000000e+00,1.206153e+01,2.589742e+00,1.109396e+00,4.028793e+02,1.782414e+02
3.434226e+01,-2.262971e+00,0.000000e+00,0.000000e+00,5159,5159,7.318040e+02,-7.318040e+02,0.000000e+00,1.209593e+01,2.582411e+00,1.109396e+00,4.098793e+02,1.832414e+02
3.441414e+01,-2.252131e+00,0.000000e+00,0.000000e+00,5145,5145,7.291807e+02,-7.291807e+02,0.000000e+00,1.205257e+01,2.578352e+00,1.109396e+00,4.138793e+02,1.872414e+02
3.450014e+01,-2.239431e+00,0.000000e+00,0.000000e+00,5130,5130,7.261073e+02,-7.261073e+02,0.000000e+00,1.200177e+01,2.573753e+00,1.109396e+00,4.218793e+02,1.932414e+02
3.458775e+01,-1.065829e+00,3.468676e+02,3.282129e+02,3608,3608,4.217580e+02,-4.217580e+02,0.000000e+00,6.971207e+00,7.703401e-02,1.109396e+00,4.288793e+02,1.992414e+02
3.478400e+01,-7.444464e-01,3.475633e+02,3.288422e+02,3434,3434,3.868278e+02,-3.868278e+02,0.000000e+00,6.393848e+00,-2.214356e+00,1.707489e+00,3.715702e+02,3.552018e+02
3.489266e+01,-5.638322e-01,3.478033e+02,3.293986e+02,2781,2781,2.562340e+02,-2.562340e+02,0.000000e+00,4.235273e+00,-3.296608e-01,1.109303e+00,4.508793e+02,2.172414e+02
3.498144e+01,-4.170097e-01,3.474110e+02,3.294258e+02,2800,1675,2.600257e+02,-3.500654e+01,1.125096e+02,2.438283e+00,-1.070227e-01,1.109303e+00,4.578793e+02,2.232414e+02
3.508651e+01,-3.001192e-01,3.510517e+02,3.287179e+02,2729,1613,2.458379e+02,-2.278657e+01,1.115257e+02,2.220037e+00,-8.666883e-02,1.109303e+00,4.648793e+02,2.292414e+02
3.519605e+01,-1.405990e-01,3.556918e+02,3.315795e+02,2047,952,1.094090e+02,1.094090e+02,1.094090e+02,0.000000e+00,-1.405233e-01,1.109303e+00,4.738793e+02,2.372414e+02
3.528833e+01,-1.405990e-01,3.646918e+02,3.295795e+02,2065,934,1.131436e+02,1.131436e+02,1.131436e+02,0.000000e+00,3.268528e-02,1.109303e+00,4.808793e+02,2.432414e+02
3.538746e+01,-1.407645e-01,3.746918e+02,3.275795e+02,2063,936,1.127774e+02,1.127774e+02,1.127774e+02,0.000000e+00,5.347162e-02,1.109303e+00,4.898793e+02,2.502414e+02
3.546353e+01,-1.407645e-01,3.816918e+02,3.265795e+02,2079,920,1.159951e+02,1.159951e+02,1.159951e+02,0.000000e+00,2.323147e-02,1.109303e+00,4.948793e+02,2.542414e+02
3.558888e+01,-1.408392e-01,3.936918e+02,3.235795e+02,2074,925,1.148764e+02,1.148764e+02,1.148764e+02,0.000000e+00,6.040529e-02,1.109303e+00,5.038793e+02,2.612414e+02
3.567483e+01,-1.408392e-01,4.026918e+02,3.225795e+02,2064,935,1.128292e+02,1.128292e+02,1.128292e+02,0.000000e+00,6.387701e-02,1.109303e+00,5.118793e+02,2.682414e+02
3.576954e+01,-1.408392e-01,4.116918e+02,3.205795e+02,2072,927,1.144246e+02,1.144246e+02,1.144246e+02,0.000000e+00,5.048096e-02,1.109330e+00,5.178793e+02,2.732414e+02
3.585593e+01,-1.408392e-01,4.206918e+02,3.185795e+02,2073,926,1.146472e+02,1.146472e+02,1.146472e+02,0.000000e+00,7.875446e-02,1.109330e+00,5.258793e+02,2.792414e+02
3.597567e+01,-1.408392e-01,4.316918e+02,3.165795e+02,2058,941,1.117587e+02,1.117587e+02,1.117587e+02,0.000000e+00,8.611485e-02,1.109308e+00,5.328793e+02,2.862414e+02
3.606381e+01,-1.405990e-01,4.406918e+02,3.155795e+02,2066,933,1.132214e+02,1.132214e+02,1.132214e+02,0.000000e+00,1.043083e-01,1.109308e+00,5.418793e+02,2.932414e+02
3.626894e+01,-1.405990e-01,4.606918e+02,3.115795e+02,2048,951,1.097020e+02,1.097020e+02,1.097020e+02,0.000000e+00,2.356093e-01,1.109308e+00,5.578793e+02,3.062414e+02
3.641023e+01,-1.408392e-01,4.746918e+02,3.085795e+02,2048,951,1.097020e+02,1.097020e+02,1.097020e+02,0.000000e+00,-3.838627e-02,1.109308e+00,5.558793e+02,3.052414e+02
3.650440e+01,-1.408392e-01,4.846918e+02,3.065795e+02,2053,946,1.107050e+02,1.107050e+02,1.107050e+02,0.000000e+00,3.291200e-02,1.109308e+00,5.488793e+02,2.992414e+02
3.662000e+01,-1.408392e-01,4.956918e+02,3.045795e+02,2052,947,1.104969e+02,1.104969e+02,1.104969e+02,0.000000e+00,4.790116e-01,1.109308e+00,5.408793e+02,2.922414e+02
3.670819e+01,-1.531005e-01,5.069785e+02,3.022380e+02,2077,922,1.155295e+02,1.155295e+02,1.155295e+02,0.000000e+00,1.584959e+00,6.852971e-01,5.556960e+02,2.577204e+02
3.679922e+01,-1.409985e-01,5.137144e+02,3.015634e+02,511,511,-1.976134e+02,1.976134e+02,0.000000e+00,-3.266338e+00,-1.284324e+00,6.668639e-01,5.509104e+02,2.528164e+02
3.688463e+01,-3.279376e-01,5.126367e+02,2.976714e+02,2076,923,1.153277e+02,1.153277e+02,1.153277e+02,0.000000e+00,5.458441e-02,6.677273e-01,5.426429e+02,2.456932e+02
3.699879e+01,-3.279212e-01,5.226232e+02,2.946774e+02,167,167,-2.664807e+02,2.664807e+02,0.000000e+00,-4.404640e+00,-4.052081e-01,6.855302e-01,5.334581e+02,2.397437e+02
3.710369e+01,-5.071965e-01,5.228910e+02,2.943342e+02,177,177,-2.644973e+02,2.644973e+02,0.000000e+00,-4.371856e+00,-1.606555e+00,7.261345e-01,5.231582e+02,2.348156e+02
3.720457e+01,-6.665266e-01,5.224452e+02,2.942774e+02,3411,3411,3.822468e+02,-3.822468e+02,0.000000e+00,6.318128e+00,2.293296e+00,1.035119e+00,5.441667e+02,3.222939e+02
3.731065e+01,-4.883009e-01,5.232052e+02,2.939745e+02,-1671,-1671,-6.342919e+02,6.342919e+02,0.000000e+00,-1.048416e+01,-2.191640e+00,1.109303e+00,4.858793e+02,2.472414e+02
3.740680e+01,-6.490248e-01,5.228544e+02,2.937149e+02,-1487,-1487,-5.975955e+02,5.975955e+02,0.000000e+00,-9.877612e+00,-2.306737e+00,1.052395e+00,4.985581e+02,2.657674e+02
3.751486e+01,-6.490248e-01,5.223245e+02,2.936460e+02,-1490,-1490,-5.980473e+02,5.980473e+02,0.000000e+00,-9.885079e+00,-2.002010e+00,1.109303e+00,4.708793e+02,2.342414e+02
3.764180e+01,-6.490248e-01,5.219659e+02,2.928971e+02,-1480,-1480,-5.961925e+02,5.961925e+02,0.000000e+00,-9.854422e+00,-1.982077e+00,1.109303e+00,4.628793e+02,2.272414e+02
3.773175e+01,-6.490248e-01,5.215897e+02,2.932608e+02,-1505,-1505,-6.011386e+02,6.011386e+02,0.000000e+00,-9.936175e+00,-1.964805e+00,1.109303e+00,4.548793e+02,2.212414e+02
3.785445e+01,-1.336403e+00,5.260018e+02,2.938014e+02,-651,-651,-4.303934e+02,4.303934e+02,0.000000e+00,-7.113940e+00,-1.285339e+00,1.109396e+00,4.468793e+02,2.142414e+02
3.794963e+01,-1.336403e+00,5.211442e+02,2.933741e+02,-669,-669,-4.338526e+02,4.338526e+02,0.000000e+00,-7.171117e+00,3.686518e-02,1.109396e+00,4.368793e+02,2.062414e+02
3.806486e+01,-1.685906e+00,5.246627e+02,2.922104e+02,-253,-253,-3.506161e+02,3.506161e+02,0.000000e+00,-5.795307e+00,3.878480e-01,1.109396e+00,4.288793e+02,1.992414e+02
3.816423e+01,-1.685906e+00,5.206371e+02,2.934145e+02,-245,-245,-3.490024e+02,3.490024e+02,0.000000e+00,-5.768634e+00,3.306961e-02,1.109396e+00,4.208793e+02,1.932414e+02
3.829155e+01,-1.685906e+00,5.203642e+02,2.937044e+02,-233,-233,-3.466632e+02,3.466632e+02,0.000000e+00,-5.729970e+00,7.868814e-03,1.109396e+00,4.118793e+02,1.862414e+02
3.838563e+01,-1.685906e+00,5.203289e+02,2.933111e+02,2628,2628,2.257597e+02,-2.257597e+02,0.000000e+00,3.731566e+00,2.769466e+00,7.472404e-01,5.478855e+02,2.707048e+02
3.849971e+01,-1.685906e+00,5.202130e+02,2.931818e+02,-254,-254,-3.508199e+02,3.508199e+02,0.000000e+00,-5.798676e+00,-8.158522e-01,1.109396e+00,3.968793e+02,1.732414e+02
3.860543e+01,-1.685906e+00,5.205417e+02,2.930081e+02,2659,2659,2.318699e+02,-2.318699e+02,0.000000e+00,3.832560e+00,2.766017e+00,7.418031e-01,5.483275e+02,2.707686e+02
3.873318e+01,-1.685906e+00,5.205164e+02,2.934703e+02,2915,2915,2.830135e+02,-2.830135e+02,0.000000e+00,4.677910e+00,2.083082e+00,4.656014e-01,5.523128e+02,2.775066e+02
3.885440e+01,-1.685906e+00,5.208039e+02,2.927506e+02,-231,-231,-3.463803e+02,3.463803e+02,0.000000e+00,-5.725294e+00,-5.628287e-01,3.808003e-01,4.083125e+02,1.266811e+02
3.897633e+01,-1.685906e+00,5.204008e+02,2.935254e+02,2915,2915,2.830892e+02,-2.830892e+02,0.000000e+00,4.679160e+00,2.643586e+00,6.456292e-01,5.522965e+02,2.775265e+02
3.907419e+01,-1.685906e+00,5.211028e+02,2.931995e+02,-253,-253,-3.506726e+02,3.506726e+02,0.000000e+00,-5.796241e+00,-6.485540e-01,3.321047e-01,3.889248e+02,1.280711e+02
3.918856e+01,-1.685906e+00,5.202577e+02,2.931473e+02,-255,-255,-3.510979e+02,3.510979e+02,0.000000e+00,-5.803271e+00,-3.204689e-02,3.321663e-01,3.759248e+02,1.240711e+02
3.929904e+01,-1.685906e+00,5.204436e+02,2.931751e+02,2656,2656,2.313949e+02,-2.313949e+02,0.000000e+00,3.824710e+00,2.624769e+00,6.013499e-01,5.481410e+02,2.707048e+02
3.939184e+01,-1.685906e+00,5.204510e+02,2.936347e+02,-236,-236,-3.472329e+02,3.472329e+02,0.000000e+00,-5.739387e+00,-7.198336e-01,3.322291e-01,3.559147e+02,1.170740e+02
3.949692e+01,-1.685906e+00,5.199898e+02,2.934781e+02,2633,2633,2.266455e+02,-2.266455e+02,0.000000e+00,3.746206e+00,2.660084e+00,5.853131e-01,5.472241e+02,2.707026e+02
3.960409e+01,-1.685906e+00,5.207546e+02,2.935133e+02,2816,2816,2.632922e+02,-2.632922e+02,0.000000e+00,4.351937e+00,2.049890e+00,5.851802e-01,5.515783e+02,2.758174e+02
3.969985e+01,-1.685906e+00,5.211952e+02,2.928636e+02,-226,-226,-3.453570e+02,3.453570e+02,0.000000e+00,-5.708381e+00,-7.700913e-01,3.320065e-01,3.269194e+02,1.060716e+02
3.980295e+01,-1.685906e+00,5.204499e+02,2.936580e+02,-235,-235,-3.470478e+02,3.470478e+02,0.000000e+00,-5.736327e+00,-6.929817e-03,3.322291e-01,3.189147e+02,1.030740e+02
3.991804e+01,-1.685906e+00,5.203345e+02,2.931790e+02,2632,2632,2.265158e+02,-2.265158e+02,0.000000e+00,3.744063e+00,2.691452e+00,5.569656e-01,5.470531e+02,2.694602e+02
4.000569e+01,-1.685906e+00,5.208780e+02,2.936956e+02,5476,5476,7.953708e+02,-7.953708e+02,0.000000e+00,1.314662e+01,3.711575e+00,7.434539e-01,4.913023e+02,3.160930e+02
4.011521e+01,-1.685906e+00,5.209785e+02,2.934127e+02,-245,-245,-3.490527e+02,3.490527e+02,0.000000e+00,-5.769467e+00,-8.173463e-01,3.322054e-01,2.889052e+02,9.306871e+01
4.023353e+01,-1.685906e+00,5.203864e+02,2.929243e+02,-224,-224,-3.449176e+02,3.449176e+02,0.000000e+00,-5.701118e+00,-1.397349e-02,3.322891e-01,2.769147e+02,8.907396e+01
4.033995e+01,-1.685906e+00,5.199774e+02,2.933621e+02,-247,-247,-3.494476e+02,3.494476e+02,0.000000e+00,-5.775994e+00,-7.950378e-03,3.321047e-01,2.669248e+02,8.507105e+01
4.045965e+01,-2.542196e+00,5.201853e+02,2.940801e+02,3356,3356,3.712261e+02,-3.712261e+02,0.000000e+00,6.135968e+00,3.127708e+00,5.268314e-01,5.404035e+02,2.648860e+02
4.055773e+01,-2.542196e+00,5.203065e+02,2.931928e+02,2086,913,1.172284e+02,1.172284e+02,1.172284e+02,0.000000e+00,7.386572e-02,3.320065e-01,2.469194e+02,7.807156e+01
4.065026e+01,-2.542196e+00,5.143065e+02,2.871928e+02,2086,913,1.172284e+02,1.172284e+02,1.172284e+02,0.000000e+00,1.223160e-02,3.320065e-01,2.389194e+02,7.607156e+01
4.072413e+01,-2.542196e+00,5.083065e+02,2.821928e+02,3527,3527,4.054431e+02,-4.054431e+02,0.000000e+00,6.701540e+00,-2.301555e+00,5.083335e-01,5.329827e+02,2.566450e+02
4.079306e+01,-2.542196e+00,5.083775e+02,2.822107e+02,3666,3666,4.333089e+02,-4.333089e+02,0.000000e+00,7.162130e+00,2.446327e+00,5.149844e-01,5.359474e+02,2.596096e+02
4.088284e+01,-2.542196e+00,5.090092e+02,2.818865e+02,3857,3857,4.714062e+02,-4.714062e+02,0.000000e+00,7.791838e+00,2.527075e+00,5.218701e-01,5.394493e+02,2.635507e+02
4.094975e+01,-2.542196e+00,5.088823e+02,2.818485e+02,2097,902,1.195758e+02,1.195758e+02,1.195758e+02,0.000000e+00,7.478262e-02,3.322891e-01,2.539147e+02,8.107396e+01
4.103067e+01,-2.542196e+00,5.058823e+02,2.738485e+02,2097,902,1.195758e+02,1.195758e+02,1.195758e+02,0.000000e+00,8.715697e-04,3.322654e-01,2.619052e+02,8.306871e+01
4.111839e+01,-2.542196e+00,5.018823e+02,2.658485e+02,2097,902,1.195758e+02,1.195758e+02,1.195758e+02,0.000000e+00,8.281406e-03,3.322654e-01,2.699052e+02,8.706871e+01
4.118283e+01,-2.542196e+00,4.988823e+02,2.598485e+02,2097,902,1.195758e+02,1.195758e+02,1.195758e+02,0.000000e+00,1.266439e-02,3.322891e-01,2.779147e+02,8.907396e+01
4.126030e+01,-2.542196e+00,4.958823e+02,2.538485e+02,2097,902,1.195758e+02,1.195758e+02,1.195758e+02,0.000000e+00,3.352491e-02,3.322291e-01,2.819147e+02,9.107396e+01
4.134222e+01,-2.542196e+00,4.918823e+02,2.458485e+02,2097,902,1.195758e+02,1.195758e+02,1.195758e+02,0.000000e+00,6.567554e-02,3.322054e-01,2.919052e+02,9.406871e+01
4.141041e+01,-2.542196e+00,4.898823e+02,2.398485e+02,2097,902,1.195758e+02,1.195758e+02,1.195758e+02,0.000000e+00,1.354834e-01,3.322054e-01,2.979052e+02,9.606871e+01
4.149631e+01,-2.542196e+00,4.858823e+02,2.318485e+02,2097,902,1.195758e+02,1.195758e+02,1.195758e+02,0.000000e+00,2.814835e-01,3.322054e-01,3.049052e+02,9.906871e+01
4.157306e+01,-2.542196e+00,4.828823e+02,2.248485e+02,2097,902,1.195758e+02,1.195758e+02,1.195758e+02,0.000000e+00,5.586299e-01,2.326943e-01,3.089905e+02,9.676030e+01
4.164937e+01,-2.542196e+00,4.798823e+02,2.178485e+02,1000,2000,1.195758e+02,1.195758e+02,1.195758e+02,0.000000e+00,1.130512e+00,2.996208e-01,3.087971e+02,9.539383e+01
4.174730e+01,-2.542196e+00,4.838823e+02,2.268485e+02,2097,902,1.195758e+02,1.195758e+02,1.195758e+02,0.000000e+00,5.465884e-02,-7.094536e-02,3.080706e+02,9.420113e+01
4.181944e+01,-2.542196e+00,4.808823e+02,2.198485e+02,2097,902,1.195758e+02,1.195758e+02,1.195758e+02,0.000000e+00,3.446924e-02,-1.498400e-01,3.078255e+02,9.745674e+01
4.196609e+01,-2.542196e+00,4.749102e+02,2.078480e+02,2098,901,1.196873e+02,1.196873e+02,1.196873e+02,0.000000e+00,7.770691e-02,-3.290053e-01,3.094431e+02,9.332520e+01
4.206132e+01,2.874923e+00,3.200931e+02,3.200931e+02,-3883,-3883,-1.076613e+03,1.076613e+03,0.000000e+00,-1.779525e+01,4.811032e+00,-3.289517e-01,3.224350e+02,9.633246e+01
4.214240e+01,2.865929e+00,3.200931e+02,3.200931e+02,-2808,-2808,-8.617062e+02,8.617062e+02,0.000000e+00,-1.424308e+01,-4.607589e+00,2.370097e-01,5.005348e+02,1.794696e+02
4.221543e+01,2.847601e+00,3.200931e+02,3.200931e+02,-2816,-2816,-8.633722e+02,8.633722e+02,0.000000e+00,-1.427061e+01,-4.554951e+00,2.440669e-01,4.971894e+02,1.757357e+02
4.229388e+01,2.829132e+00,3.200931e+02,3.200931e+02,-2707,-2707,-8.414288e+02,8.414288e+02,0.000000e+00,-1.390791e+01,-3.412184e+00,5.634475e-01,4.463915e+02,2.268679e+02
4.238022e+01,2.802351e+00,3.200931e+02,3.200931e+02,-2788,-2788,-8.577904e+02,8.577904e+02,0.000000e+00,-1.417835e+01,-4.435195e+00,2.651050e-01,4.898571e+02,1.696926e+02
4.244630e+01,2.780941e+00,3.200931e+02,3.200931e+02,-2792,-2792,-8.584741e+02,8.584741e+02,0.000000e+00,-1.418966e+01,-4.386999e+00,2.788531e-01,4.863983e+02,1.681342e+02
4.252359e+01,2.749535e+00,3.200931e+02,3.200931e+02,-2782,-2782,-8.565263e+02,8.565263e+02,0.000000e+00,-1.415746e+01,-4.321065e+00,2.979658e-01,4.823947e+02,1.656798e+02
4.260219e+01,-2.852600e+00,4.704413e+02,1.959335e+02,2089,910,1.178223e+02,1.178223e+02,1.178223e+02,0.000000e+00,7.170561e-01,-3.290053e-01,3.724431e+02,7.932520e+01
4.266727e+01,-2.852812e+00,4.644387e+02,1.939503e+02,2089,910,1.178142e+02,1.178142e+02,1.178142e+02,0.000000e+00,-1.029613e-01,-3.288238e-01,3.804431e+02,7.632520e+01
4.273462e+01,-2.852812e+00,4.574387e+02,1.929503e+02,2089,910,1.178142e+02,1.178142e+02,1.178142e+02,0.000000e+00,-2.956165e-01,-3.288238e-01,3.854431e+02,7.532520e+01
4.282018e+01,-2.852990e+00,4.494303e+02,1.899626e+02,2088,911,1.177819e+02,1.177819e+02,1.177819e+02,0.000000e+00,-7.058697e-01,-2.786392e-01,3.919492e+02,7.501805e+01
4.289405e+01,-2.852990e+00,4.424303e+02,1.889626e+02,2088,911,1.177819e+02,1.177819e+02,1.177819e+02,0.000000e+00,1.464567e+00,-1.511488e-01,3.917955e+02,7.742927e+01
4.298793e+01,-2.852990e+00,4.334303e+02,1.859626e+02,2088,911,1.177819e+02,1.177819e+02,1.177819e+02,0.000000e+00,-7.447776e-02,-2.440669e-03,3.911348e+02,7.864313e+01
4.305793e+01,-2.852990e+00,4.264303e+02,1.849626e+02,2088,911,1.177819e+02,1.177819e+02,1.177819e+02,0.000000e+00,-2.134979e-01,1.244718e-01,3.907352e+02,7.704395e+01
4.313173e+01,-2.852990e+00,4.194303e+02,1.829626e+02,2088,911,1.177819e+02,1.177819e+02,1.177819e+02,0.000000e+00,-4.878573e-01,2.249956e-01,3.900666e+02,7.650169e+01
4.321825e+01,-2.852990e+00,4.104303e+02,1.809626e+02,2088,911,1.177819e+02,1.177819e+02,1.177819e+02,0.000000e+00,-1.059922e+00,3.995962e-01,3.890610e+02,7.831337e+01
4.328412e+01,-2.852990e+00,4.044303e+02,1.789626e+02,2108,891,1.216229e+02,1.216229e+02,1.216229e+02,0.000000e+00,2.184009e+00,5.016866e-01,3.894179e+02,7.547824e+01
4.335919e+01,-2.852990e+00,3.974303e+02,1.779626e+02,2590,1368,2.181480e+02,2.624466e+01,1.221963e+02,1.585978e+00,-5.892139e-02,6.243519e-01,3.879835e+02,7.515702e+01
4.345753e+01,2.465958e+00,3.200970e+02,3.200970e+02,-2899,-2899,-8.799204e+02,8.799204e+02,0.000000e+00,-1.454414e+01,4.920200e+00,1.052475e+00,4.008615e+02,1.453939e+02
4.353476e+01,-2.920931e+00,3.906237e+02,1.754756e+02,3039,1806,3.078250e+02,-6.138555e+01,1.232197e+02,3.051326e+00,1.329106e+00,1.308354e+00,3.588426e+02,9.581277e+01
4.362105e+01,2.453079e+00,3.201030e+02,3.201030e+02,-3213,-3213,-9.426229e+02,9.426229e+02,0.000000e+00,-1.558054e+01,5.118722e+00,2.359233e-01,3.567328e+02,8.575862e+01
4.370665e+01,2.421452e+00,3.201030e+02,3.201030e+02,-3174,-3174,-9.349693e+02,9.349693e+02,0.000000e+00,-1.545404e+01,-3.774634e+00,2.248853e-01,3.541853e+02,8.102155e+01
4.379305e+01,2.383193e+00,3.201030e+02,3.201030e+02,-3128,-3128,-9.257106e+02,9.257106e+02,0.000000e+00,-1.530100e+01,-3.714689e+00,2.243642e-01,3.608093e+02,8.233898e+01
4.387788e+01,3.052982e+00,3.882601e+02,1.762944e+02,-4797,-4797,-1.259525e+03,1.259525e+03,0.000000e+00,-2.081860e+01,-4.407068e+00,5.160428e-01,3.846305e+02,5.527376e+01
4.394722e+01,2.934405e+00,3.876869e+02,1.759941e+02,-4653,-4653,-1.230627e+03,1.230627e+03,0.000000e+00,-2.034094e+01,-4.298090e+00,4.326537e-01,3.840042e+02,5.552095e+01
4.402819e+01,2.267099e+00,3.201030e+02,3.201030e+02,-2909,-2909,-8.819572e+02,8.819572e+02,0.000000e+00,-1.457780e+01,-3.559472e+00,3.649596e-01,3.824172e+02,5.633108e+01
4.409780e+01,2.229794e+00,3.201030e+02,3.201030e+02,-2864,-2864,-8.729293e+02,8.729293e+02,0.000000e+00,-1.442858e+01,-3.524453e+00,2.201392e-01,3.830936e+02,5.534075e+01
4.417102e+01,2.191779e+00,3.200931e+02,3.200931e+02,-2247,-2247,-7.495237e+02,7.495237e+02,0.000000e+00,-1.238882e+01,-3.082442e+00,9.723610e-01,4.122056e+02,2.091308e+02
4.425029e+01,2.148917e+00,3.200931e+02,3.200931e+02,1000,2000,-7.495237e+02,7.495237e+02,0.000000e+00,-1.238882e+01,-3.409217e+00,3.999695e-01,3.647188e+02,1.541875e+02
4.432636e+01,2.158498e+00,3.200931e+02,3.200931e+02,-2691,-2691,-8.382694e+02,8.382694e+02,0.000000e+00,-1.385569e+01,-3.397305e+00,8.650717e-01,3.707188e+02,1.491875e+02
4.440336e+01,2.116375e+00,3.200931e+02,3.200931e+02,-2726,-2726,-8.453898e+02,8.453898e+02,0.000000e+00,-1.397338e+01,-3.693236e+00,-2.622875e-01,3.790709e+02,5.757676e+01
4.449071e+01,2.071830e+00,3.200931e+02,3.200931e+02,2000,1000,-8.453898e+02,8.453898e+02,0.000000e+00,-1.397338e+01,-3.340526e+00,8.137658e-01,3.644292e+02,1.572345e+02
4.455743e+01,2.069181e+00,3.200931e+02,3.200931e+02,2000,1000,-8.453898e+02,8.453898e+02,0.000000e+00,-1.397338e+01,-3.348948e+00,8.190643e-01,3.604211e+02,1.632149e+02
4.462998e+01,2.070183e+00,3.200931e+02,3.200931e+02,2000,1000,-8.453898e+02,8.453898e+02,0.000000e+00,-1.397338e+01,-3.355836e+00,8.363644e-01,3.574581e+02,1.691938e+02
4.471293e+01,2.065455e+00,3.200931e+02,3.200931e+02,1000,2000,-8.453898e+02,8.453898e+02,0.000000e+00,-1.397338e+01,-3.367947e+00,8.279642e-01,3.524292e+02,1.762345e+02
4.478284e+01,2.068422e+00,3.200931e+02,3.200931e+02,1000,2000,-8.453898e+02,8.453898e+02,0.000000e+00,-1.397338e+01,-3.358043e+00,7.139156e-01,3.564581e+02,1.701938e+02
4.486572e+01,2.069181e+00,3.200931e+02,3.200931e+02,2000,1000,-8.453898e+02,8.453898e+02,0.000000e+00,-1.397338e+01,-3.348948e+00,6.109354e-01,3.604211e+02,1.632149e+02
4.495728e+01,2.066640e+00,3.200931e+02,3.200931e+02,1000,2000,-8.453898e+02,8.453898e+02,0.000000e+00,-1.397338e+01,-3.360286e+00,6.156704e-01,3.554581e+02,1.711938e+02
4.503762e+01,2.071225e+00,3.200931e+02,3.200931e+02,2000,1000,-8.453898e+02,8.453898e+02,0.000000e+00,-1.397338e+01,-3.349168e+00,5.102040e-01,3.604211e+02,1.642149e+02
4.512862e+01,2.068760e+00,3.200931e+02,3.200931e+02,1000,2000,-8.453898e+02,8.453898e+02,0.000000e+00,-1.397338e+01,-3.360644e+00,5.334577e-01,3.554292e+02,1.722345e+02
4.520096e+01,2.069515e+00,3.200931e+02,3.200931e+02,2000,1000,-8.453898e+02,8.453898e+02,0.000000e+00,-1.397338e+01,-3.351251e+00,4.426126e-01,3.594211e+02,1.652149e+02
4.528278e+01,2.068760e+00,3.200931e+02,3.200931e+02,1000,2000,-8.453898e+02,8.453898e+02,0.000000e+00,-1.397338e+01,-3.360644e+00,4.669210e-01,3.554292e+02,1.722345e+02
4.536794e+01,2.069515e+00,3.200931e+02,3.200931e+02,2000,1000,-8.453898e+02,8.453898e+02,0.000000e+00,-1.397338e+01,-3.351251e+00,3.795819e-01,3.594211e+02,1.652149e+02
4.544853e+01,2.068760e+00,3.200931e+02,3.200931e+02,1000,2000,-8.453898e+02,8.453898e+02,0.000000e+00,-1.397338e+01,-3.360644e+00,4.012065e-01,3.554292e+02,1.722345e+02
4.552253e+01,2.069515e+00,3.200931e+02,3.200931e+02,2000,1000,-8.453898e+02,8.453898e+02,0.000000e+00,-1.397338e+01,-3.351251e+00,3.238170e-01,3.594211e+02,1.652149e+02
4.560721e+01,2.064836e+00,3.200931e+02,3.200931e+02,1000,2000,-8.453898e+02,8.453898e+02,0.000000e+00,-1.397338e+01,-3.362658e+00,3.452339e-01,3.544292e+02,1.722345e+02
4.569060e+01,2.069515e+00,3.200931e+02,3.200931e+02,2000,1000,-8.453898e+02,8.453898e+02,0.000000e+00,-1.397338e+01,-3.351251e+00,2.697549e-01,3.594211e+02,1.652149e+02
4.577137e+01,2.068760e+00,3.200931e+02,3.200931e+02,1000,2000,-8.453898e+02,8.453898e+02,0.000000e+00,-1.397338e+01,-3.360644e+00,2.988075e-01,3.554292e+02,1.722345e+02
4.584895e+01,2.069515e+00,3.200931e+02,3.200931e+02,2000,1000,-8.453898e+02,8.453898e+02,0.000000e+00,-1.397338e+01,-3.351251e+00,2.367406e-01,3.594211e+02,1.652149e+02
4.592422e+01,2.068760e+00,3.200931e+02,3.200931e+02,1000,2000,-8.453898e+02,8.453898e+02,0.000000e+00,-1.397338e+01,-3.360644e+00,2.463571e-01,3.554292e+02,1.722345e+02
4.600648e+01,2.069412e+00,3.201030e+02,3.201030e+02,2000,1000,-8.453898e+02,8.453898e+02,0.000000e+00,-1.397338e+01,-3.351183e+00,1.762656e-01,3.594400e+02,1.651822e+02
4.608785e+01,2.068675e+00,3.201030e+02,3.201030e+02,1000,2000,-8.453898e+02,8.453898e+02,0.000000e+00,-1.397338e+01,-3.360662e+00,1.746399e-01,3.554400e+02,1.721822e+02
4.616030e+01,2.067681e+00,3.201030e+02,3.201030e+02,2000,1000,-8.453898e+02,8.453898e+02,0.000000e+00,-1.397338e+01,-3.353298e+00,1.012166e-01,3.584400e+02,1.661822e+02
4.624761e+01,2.066876e+00,3.201030e+02,3.201030e+02,1000,2000,-8.453898e+02,8.453898e+02,0.000000e+00,-1.397338e+01,-3.362956e+00,9.968686e-02,3.544400e+02,1.731822e+02
4.632343e+01,2.069752e+00,3.201030e+02,3.201030e+02,2000,1000,-8.453898e+02,8.453898e+02,0.000000e+00,-1.397338e+01,-3.353537e+00,4.045983e-02,3.584400e+02,1.671822e+02
4.639985e+01,2.066876e+00,3.201030e+02,3.201030e+02,1000,2000,-8.453898e+02,8.453898e+02,0.000000e+00,-1.397338e+01,-3.362956e+00,4.469486e-02,3.544400e+02,1.731822e+02
4.646466e+01,2.068006e+00,3.201030e+02,3.201030e+02,2000,1000,-8.453898e+02,8.453898e+02,0.000000e+00,-1.397338e+01,-3.355697e+00,7.164778e-04,3.574400e+02,1.681822e+02
4.654558e+01,2.067205e+00,3.201030e+02,3.201030e+02,1000,2000,-8.453898e+02,8.453898e+02,0.000000e+00,-1.397338e+01,-3.365578e+00,1.939675e-02,3.534400e+02,1.751822e+02
4.662218e+01,2.068006e+00,3.201030e+02,3.201030e+02,2000,1000,-8.453898e+02,8.453898e+02,0.000000e+00,-1.397338e+01,-3.355697e+00,-3.938320e-02,3.574400e+02,1.681822e+02
4.671252e+01,2.065368e+00,3.201030e+02,3.201030e+02,1000,2000,-8.453898e+02,8.453898e+02,0.000000e+00,-1.397338e+01,-3.367963e+00,-2.568488e-02,3.524400e+02,1.761822e+02
4.679483e+01,2.070098e+00,3.201030e+02,3.201030e+02,2000,1000,-8.453898e+02,8.453898e+02,0.000000e+00,-1.397338e+01,-3.355943e+00,-7.813015e-02,3.574400e+02,1.691822e+02
4.686390e+01,2.067205e+00,3.201030e+02,3.201030e+02,1000,2000,-8.453898e+02,8.453898e+02,0.000000e+00,-1.397338e+01,-3.365578e+00,-8.169751e-02,3.534400e+02,1.751822e+02
4.694677e+01,2.068006e+00,3.201030e+02,3.201030e+02,2000,1000,-8.453898e+02,8.453898e+02,0.000000e+00,-1.397338e+01,-3.355697e+00,-1.402365e-01,3.574400e+02,1.681822e+02
4.702295e+01,2.065056e+00,3.201030e+02,3.201030e+02,1000,2000,-8.453898e+02,8.453898e+02,0.000000e+00,-1.397338e+01,-3.365288e+00,-1.462329e-01,3.534400e+02,1.741822e+02
4.711359e+01,2.069752e+00,3.201030e+02,3.201030e+02,2000,1000,-8.453898e+02,8.453898e+02,0.000000e+00,-1.397338e+01,-3.353537e+00,-2.070893e-01,3.584400e+02,1.671822e+02
4.718770e+01,2.066876e+00,3.201030e+02,3.201030e+02,1000,2000,-8.453898e+02,8.453898e+02,0.000000e+00,-1.397338e+01,-3.362956e+00,-2.119641e-01,3.544400e+02,1.731822e+02
4.726854e+01,2.067681e+00,3.201030e+02,3.201030e+02,2000,1000,-8.453898e+02,8.453898e+02,0.000000e+00,-1.397338e+01,-4.407617e+00,-2.647167e-01,3.584400e+02,1.661822e+02
4.735890e+01,2.065056e+00,3.201030e+02,3.201030e+02,1000,2000,-8.453898e+02,8.453898e+02,0.000000e+00,-1.397338e+01,-4.428611e+00,-2.886616e-01,3.534400e+02,1.741822e+02
4.742933e+01,2.068006e+00,3.201030e+02,3.201030e+02,2000,1000,-8.453898e+02,8.453898e+02,0.000000e+00,-1.397338e+01,-4.456561e+00,-3.440740e-01,3.574400e+02,1.681822e+02
4.749243e+01,2.066876e+00,3.201030e+02,3.201030e+02,1000,2000,-8.453898e+02,8.453898e+02,0.000000e+00,-1.397338e+01,-4.494979e+00,-3.628264e-01,3.544400e+02,1.731822e+02
4.757210e+01,2.069752e+00,3.201030e+02,3.201030e+02,2000,1000,-8.453898e+02,8.453898e+02,0.000000e+00,-1.397338e+01,-4.525840e+00,-4.132081e-01,3.584400e+02,1.671822e+02
4.764858e+01,2.066876e+00,3.201030e+02,3.201030e+02,1000,2000,-8.453898e+02,8.453898e+02,0.000000e+00,-1.397338e+01,-4.571645e+00,-4.338055e-01,3.544400e+02,1.731822e+02
4.771405e+01,2.068006e+00,3.201030e+02,3.201030e+02,2000,1000,-8.453898e+02,8.453898e+02,0.000000e+00,-1.397338e+01,-4.613336e+00,-4.794595e-01,3.574400e+02,1.681822e+02
4.778836e+01,2.065056e+00,3.201030e+02,3.201030e+02,1000,2000,-8.453898e+02,8.453898e+02,0.000000e+00,-1.397338e+01,-4.643522e+00,-4.887693e-01,3.534400e+02,1.741822e+02
4.786484e+01,2.065930e+00,3.201030e+02,3.201030e+02,-4796,-4796,-1.259392e+03,1.259392e+03,0.000000e+00,-2.081640e+01,-4.700050e+00,-1.498566e+00,1.831765e+02,1.970321e+02
4.794379e+01,1.987657e+00,3.882780e+02,1.862914e+02,2074,925,1.148397e+02,1.148397e+02,1.148397e+02,0.000000e+00,-5.074278e+00,8.391926e-01,1.831909e+02,2.040420e+02
4.801955e+01,2.913729e+00,1.764516e+02,1.764516e+02,-316,-316,-3.632247e+02,3.632247e+02,0.000000e+00,-6.003714e+00,-2.259031e+00,8.586359e-01,1.821909e+02,2.110420e+02
4.809178e+01,1.868256e+00,3.855736e+02,1.939100e+02,2000,1000,-3.632247e+02,3.632247e+02,0.000000e+00,-6.003714e+00,-4.991896e+00,8.819265e-01,1.811909e+02,2.200420e+02
4.819996e+01,1.868256e+00,3.825736e+02,2.039100e+02,1000,2000,-3.632247e+02,3.632247e+02,0.000000e+00,-6.003714e+00,-4.986417e+00,9.015172e-01,1.811909e+02,2.290420e+02
4.828092e+01,1.868256e+00,3.845736e+02,1.959100e+02,2000,1000,-3.632247e+02,3.632247e+02,0.000000e+00,-6.003714e+00,1.204354e+00,9.248649e-01,1.801909e+02,2.390420e+02
4.836537e+01,1.868256e+00,3.825736e+02,2.039100e+02,1000,2000,-3.632247e+02,3.632247e+02,0.000000e+00,-6.003714e+00,-7.704770e-04,9.432615e-01,1.791909e+02,2.470420e+02
4.845866e+01,1.868256e+00,3.845736e+02,1.949100e+02,2061,938,1.123827e+02,1.123827e+02,1.123827e+02,0.000000e+00,8.400504e-02,9.583318e-01,1.791909e+02,2.550420e+02
4.855066e+01,1.868256e+00,3.825736e+02,2.039100e+02,2047,952,1.094812e+02,1.094812e+02,1.094812e+02,0.000000e+00,1.714576e-01,9.788957e-01,1.781909e+02,2.650420e+02
4.867417e+01,1.868256e+00,3.785736e+02,2.159100e+02,331,331,-2.336233e+02,2.336233e+02,0.000000e+00,-3.861542e+00,3.435547e-01,1.001780e+00,1.771909e+02,2.770420e+02
4.879392e+01,1.721074e+00,3.751683e+02,2.150686e+02,518,518,-1.963142e+02,1.963142e+02,0.000000e+00,-3.244863e+00,1.196282e+00,-1.498628e+00,1.761909e+02,2.900420e+02
4.887752e+01,1.579041e+00,3.755867e+02,2.157885e+02,2044,955,1.088945e+02,1.088945e+02,1.088945e+02,0.000000e+00,-1.274423e-01,-1.498628e+00,1.751909e+02,2.960420e+02
4.895407e+01,1.578830e+00,3.756035e+02,2.237848e+02,2044,955,1.088649e+02,1.088649e+02,1.088649e+02,0.000000e+00,-2.439267e-01,-1.498443e+00,1.751909e+02,3.060420e+02
4.903240e+01,1.578754e+00,3.756035e+02,2.317848e+02,264,264,-2.471099e+02,2.471099e+02,0.000000e+00,-4.084461e+00,-4.871040e-01,-1.498688e+00,1.741909e+02,3.140420e+02
4.909468e+01,1.429561e+00,3.802736e+02,2.312545e+02,2056,943,1.113488e+02,1.113488e+02,1.113488e+02,0.000000e+00,-1.104601e+00,1.074773e+00,1.731909e+02,3.200420e+02
4.917456e+01,1.429630e+00,3.812736e+02,2.392545e+02,2056,943,1.113488e+02,1.113488e+02,1.113488e+02,0.000000e+00,2.224193e+00,1.085365e+00,1.714045e+02,3.249168e+02
4.927044e+01,1.429561e+00,3.822736e+02,2.482545e+02,456,456,-2.087322e+02,2.087322e+02,0.000000e+00,-3.450119e+00,-4.616456e-02,-1.698498e+00,1.682073e+02,3.250844e+02
4.934535e+01,-2.699268e+00,0.000000e+00,0.000000e+00,5686,5686,8.373879e+02,-8.373879e+02,0.000000e+00,1.384112e+01,-2.328158e+00,-1.797331e+00,1.697518e+02,3.256728e+02
4.942321e+01,-2.713568e+00,0.000000e+00,0.000000e+00,5704,5704,8.408487e+02,-8.408487e+02,0.000000e+00,1.389832e+01,4.672217e+00,-1.947106e+00,1.687621e+02,3.261286e+02
4.949712e+01,-2.724333e+00,0.000000e+00,0.000000e+00,5717,5717,8.434537e+02,-8.434537e+02,0.000000e+00,1.394138e+01,3.763510e+00,-2.047956e+00,1.704865e+02,3.255229e+02
4.956586e+01,1.721704e+00,3.781277e+02,2.480650e+02,106,106,-2.787630e+02,2.787630e+02,0.000000e+00,-4.607653e+00,7.968363e-01,-2.197889e+00,1.699680e+02,3.271633e+02
4.973972e+01,-2.710751e+00,0.000000e+00,0.000000e+00,5700,5700,8.401668e+02,-8.401668e+02,0.000000e+00,1.388706e+01,-2.951490e+00,-2.324087e+00,1.775512e+02,3.339815e+02
4.989233e+01,1.653726e+00,3.816641e+02,2.485385e+02,183,183,-2.632304e+02,2.632304e+02,0.000000e+00,-4.350915e+00,1.165951e+00,1.060216e+00,1.915512e+02,3.419815e+02
4.996940e+01,-2.719965e+00,0.000000e+00,0.000000e+00,-2147483648,-2147483648,4.763922e+09,4.763922e+09,4.763922e+09,1.455082e+00,-2.567296e+00,-2.324107e+00,1.955512e+02,3.459815e+02
5.003779e+01,1.392248e+00,3.827583e+02,2.491719e+02,515,515,-1.969433e+02,1.969433e+02,0.000000e+00,-3.255262e+00,2.377286e+00,-2.324027e+00,2.005512e+02,3.519815e+02
5.012173e+01,1.254752e+00,3.829188e+02,2.487919e+02,2049,950,1.099256e+02,1.099256e+02,1.099256e+02,0.000000e+00,-1.018762e-01,-2.324205e+00,2.065512e+02,3.589815e+02
5.018609e+01,1.254752e+00,3.849188e+02,2.547919e+02,2040,959,1.080691e+02,1.080691e+02,1.080691e+02,0.000000e+00,-1.945577e-01,-2.324107e+00,2.115512e+02,3.639815e+02
5.026500e+01,1.254660e+00,3.869188e+02,2.617919e+02,2040,959,1.080691e+02,1.080691e+02,1.080691e+02,0.000000e+00,-3.857833e-01,-2.324107e+00,2.155512e+02,3.689815e+02
5.036306e+01,1.254660e+00,3.899188e+02,2.717919e+02,2040,959,1.080691e+02,1.080691e+02,1.080691e+02,0.000000e+00,-7.522901e-01,-2.324107e+00,2.245512e+02,3.769815e+02
5.043383e+01,1.254388e+00,3.919161e+02,2.787853e+02,2047,952,1.095599e+02,1.095599e+02,1.095599e+02,0.000000e+00,1.877650e+00,1.114374e+00,2.005000e+02,4.083496e+02
5.049834e+01,1.254388e+00,3.939161e+02,2.847853e+02,2485,1356,1.970729e+02,2.875975e+01,1.129163e+02,1.391018e+00,3.093017e-01,-2.497078e+00,2.223612e+02,3.813676e+02
5.056866e+01,1.295860e+00,3.953732e+02,2.891856e+02,2424,1271,1.848307e+02,4.570343e+01,1.152671e+02,1.149812e+00,1.102520e+00,-2.598034e+00,2.233331e+02,3.812847e+02
5.063929e+01,1.328154e+00,3.971313e+02,2.935587e+02,2367,1230,1.735653e+02,5.396709e+01,1.137662e+02,9.884147e-01,-3.985282e-01,1.043698e+00,2.228752e+02,3.829299e+02
5.075744e+01,1.419042e+00,3.947868e+02,3.026310e+02,2283,1148,1.567243e+02,7.031215e+01,1.135182e+02,7.141501e-01,-4.100052e-01,-2.903460e+00,2.240708e+02,3.830249e+02
5.084921e+01,1.393297e+00,3.997332e+02,3.101786e+02,1000,2000,1.567243e+02,7.031215e+01,1.135182e+02,7.141501e-01,-1.225567e+00,1.029410e+00,2.293370e+02,3.813918e+02
5.096119e+01,1.393297e+00,3.977332e+02,2.991786e+02,1000,2000,1.567243e+02,7.031215e+01,1.135182e+02,7.141501e-01,2.382029e+00,1.006123e+00,2.403370e+02,3.793918e+02
5.103996e+01,1.393297e+00,3.967332e+02,2.911786e+02,1000,2000,1.567243e+02,7.031215e+01,1.135182e+02,7.141501e-01,6.974784e-02,9.905825e-01,2.493370e+02,3.803918e+02
5.113800e+01,1.393297e+00,3.947332e+02,2.821786e+02,1000,2000,1.567243e+02,7.031215e+01,1.135182e+02,7.141501e-01,2.204532e-01,9.772313e-01,2.573370e+02,3.813918e+02
5.120956e+01,1.393297e+00,3.937332e+02,2.741786e+02,1000,2000,1.567243e+02,7.031215e+01,1.135182e+02,7.141501e-01,1.213549e+00,9.636456e-01,2.663370e+02,3.833918e+02
5.128562e+01,1.393297e+00,3.927332e+02,2.671786e+02,1000,2000,1.567243e+02,7.031215e+01,1.135182e+02,7.141501e-01,7.126627e-02,9.526665e-01,2.733370e+02,3.843918e+02
5.138433e+01,2.347157e+00,2.785991e+02,2.785991e+02,1000,2000,1.567243e+02,7.031215e+01,1.135182e+02,7.141501e-01,2.339335e+00,9.402170e-01,2.813370e+02,3.853918e+02
5.145170e+01,1.393308e+00,3.897332e+02,2.511786e+02,1000,2000,1.567243e+02,7.031215e+01,1.135182e+02,7.141501e-01,9.636938e-01,9.263962e-01,2.903370e+02,3.863918e+02
5.151762e+01,1.393308e+00,3.887332e+02,2.441786e+02,1000,2000,1.567243e+02,7.031215e+01,1.135182e+02,7.141501e-01,6.875657e-02,9.177931e-01,2.963370e+02,3.873918e+02
5.160127e+01,1.393297e+00,3.867332e+02,2.361786e+02,1000,2000,1.567243e+02,7.031215e+01,1.135182e+02,7.141501e-01,2.190701e-01,9.077438e-01,3.033370e+02,3.883918e+02
5.167368e+01,1.393308e+00,3.857332e+02,2.291786e+02,1000,2000,1.567243e+02,7.031215e+01,1.135182e+02,7.141501e-01,5.180492e-01,8.975824e-01,3.113370e+02,3.903918e+02
5.176261e+01,1.393308e+00,3.837332e+02,2.201786e+02,1000,2000,1.567243e+02,7.031215e+01,1.135182e+02,7.141501e-01,6.383992e-01,8.864346e-01,3.193370e+02,3.913918e+02
5.184489e+01,1.791605e+00,3.255991e+02,3.255991e+02,1000,2000,1.567243e+02,7.031215e+01,1.135182e+02,7.141501e-01,1.113577e+00,8.740404e-01,3.283370e+02,3.923918e+02
5.191797e+01,1.393297e+00,3.817332e+02,2.051786e+02,1000,2000,1.567243e+02,7.031215e+01,1.135182e+02,7.141501e-01,4.895348e-01,8.634258e-01,3.363370e+02,3.933918e+02
5.202484e+01,1.672105e+00,3.425991e+02,3.425991e+02,2000,1000,1.567243e+02,7.031215e+01,1.135182e+02,7.141501e-01,8.496776e-01,8.528707e-01,3.453370e+02,3.953918e+02
5.209325e+01,1.636473e+00,3.515991e+02,3.515991e+02,1000,2000,1.567243e+02,7.031215e+01,1.135182e+02,7.141501e-01,1.732476e+00,8.413584e-01,3.543370e+02,3.963918e+02
5.216770e+01,1.393297e+00,3.797332e+02,1.941786e+02,2000,1000,1.567243e+02,7.031215e+01,1.135182e+02,7.141501e-01,3.205222e-01,8.342617e-01,3.603370e+02,3.973918e+02
5.223709e+01,1.393195e+00,3.807332e+02,2.011786e+02,1000,2000,1.567243e+02,7.031215e+01,1.135182e+02,7.141501e-01,3.603401e-02,8.245769e-01,3.683370e+02,3.983918e+02
5.230809e+01,1.393297e+00,3.797332e+02,1.941786e+02,2000,1000,1.567243e+02,7.031215e+01,1.135182e+02,7.141501e-01,1.210644e-01,8.164376e-01,3.753370e+02,3.993918e+02
5.238493e+01,1.393297e+00,3.807332e+02,2.021786e+02,2060,939,1.120946e+02,1.120946e+02,1.120946e+02,0.000000e+00,2.519323e-01,7.853982e-01,3.795991e+02,3.795991e+02
5.246091e+01,1.393207e+00,3.827332e+02,2.091786e+02,1000,2000,1.120946e+02,1.120946e+02,1.120946e+02,0.000000e+00,5.480225e-01,8.032521e-01,3.881940e+02,4.023091e+02
5.255491e+01,1.393195e+00,3.807332e+02,2.001786e+02,2066,933,1.132967e+02,1.132967e+02,1.132967e+02,0.000000e+00,1.104524e+00,8.090130e-01,3.879313e+02,4.066999e+02
5.271574e+01,1.393308e+00,3.837332e+02,2.171786e+02,1000,2000,1.132967e+02,1.132967e+02,1.132967e+02,0.000000e+00,1.778040e-01,8.107344e-01,3.891554e+02,4.093919e+02
5.278785e+01,1.393308e+00,3.827332e+02,2.101786e+02,2066,933,1.132967e+02,1.132967e+02,1.132967e+02,0.000000e+00,5.055733e-01,2.700812e+00,3.889996e+02,4.053549e+02
5.286768e+01,1.393308e+00,3.837332e+02,2.181786e+02,1000,2000,1.132967e+02,1.132967e+02,1.132967e+02,0.000000e+00,6.331859e-01,7.853982e-01,4.107364e+02,4.107364e+02
5.294974e+01,1.393308e+00,3.827332e+02,2.101786e+02,2066,933,1.132967e+02,1.132967e+02,1.132967e+02,0.000000e+00,1.639800e+00,2.449748e+00,3.895616e+02,4.038933e+02
5.307982e+01,1.393207e+00,3.847332e+02,2.231786e+02,2054,945,1.108771e+02,1.108771e+02,1.108771e+02,0.000000e+00,-3.458381e-01,2.221880e+00,3.932035e+02,4.054727e+02
5.314536e+01,1.393308e+00,3.857332e+02,2.291786e+02,2052,947,1.104700e+02,1.104700e+02,1.104700e+02,0.000000e+00,1.189444e-02,2.147133e+00,3.892707e+02,4.000667e+02
5.322667e+01,1.393297e+00,3.867332e+02,2.371786e+02,2064,935,1.129270e+02,1.129270e+02,1.129270e+02,0.000000e+00,-1.192724e-01,2.147133e+00,3.912707e+02,3.920667e+02
5.331386e+01,-1.785675e+00,3.887332e+02,2.461786e+02,4718,4718,6.436019e+02,-6.436019e+02,0.000000e+00,1.063805e+01,3.298214e+00,2.147133e+00,3.962707e+02,3.850667e+02
5.339361e+01,1.527803e+00,3.885015e+02,2.456466e+02,1000,2000,6.436019e+02,-6.436019e+02,0.000000e+00,1.063805e+01,-9.614235e-01,2.146298e+00,4.012981e+02,3.781088e+02
5.346443e+01,1.527803e+00,3.885015e+02,2.386466e+02,1000,2000,6.436019e+02,-6.436019e+02,0.000000e+00,1.063805e+01,-1.137121e-02,2.146298e+00,4.042981e+02,3.721088e+02
5.353712e+01,1.527803e+00,3.875015e+02,2.316466e+02,2054,945,1.108915e+02,1.108915e+02,1.108915e+02,0.000000e+00,-4.522012e-02,2.146298e+00,4.092981e+02,3.651088e+02
5.362586e+01,1.527803e+00,3.885015e+02,2.406466e+02,2046,953,1.093697e+02,1.093697e+02,1.093697e+02,0.000000e+00,-2.246092e-01,2.146298e+00,4.132981e+02,3.581088e+02
5.371000e+01,1.527803e+00,3.885015e+02,2.486466e+02,2051,948,1.103734e+02,1.103734e+02,1.103734e+02,0.000000e+00,-2.231824e-01,2.146298e+00,4.182981e+02,3.511088e+02
5.378706e+01,1.527803e+00,3.885015e+02,2.566466e+02,2045,954,1.090069e+02,1.090069e+02,1.090069e+02,0.000000e+00,9.690347e-01,2.146298e+00,4.232981e+02,3.441088e+02
5.386677e+01,1.527803e+00,3.895015e+02,2.646466e+02,2045,954,1.090668e+02,1.090668e+02,1.090668e+02,0.000000e+00,-1.729919e-01,2.146298e+00,4.272981e+02,3.381088e+02
5.394808e+01,1.527775e+00,3.894972e+02,2.726607e+02,2051,948,1.103376e+02,1.103376e+02,1.103376e+02,0.000000e+00,-2.652772e-01,2.146298e+00,4.312981e+02,3.311088e+02
5.402708e+01,1.520965e+00,3.901080e+02,2.820265e+02,2058,941,1.116142e+02,1.116142e+02,1.116142e+02,0.000000e+00,-3.136088e-01,2.140700e+00,4.355775e+02,3.254975e+02
5.411103e+01,1.527866e+00,3.904972e+02,2.886607e+02,291,291,-2.416106e+02,2.416106e+02,0.000000e+00,-3.993564e+00,-3.325678e-01,2.152285e+00,4.398251e+02,3.174404e+02
5.418201e+01,-2.632269e+00,0.000000e+00,0.000000e+00,-2147483648,-2147483648,4.763922e+09,4.763922e+09,4.763922e+09,1.104299e+00,4.805063e+00,2.160268e+00,4.451677e+02,3.093435e+02
5.425369e+01,1.293635e+00,3.904604e+02,2.891854e+02,269,269,-2.461489e+02,2.461489e+02,0.000000e+00,-4.068577e+00,-1.574277e+00,2.164437e+00,4.468517e+02,3.051925e+02
5.432636e+01,1.172999e+00,3.908355e+02,2.886516e+02,1000,2000,-2.461489e+02,2.461489e+02,0.000000e+00,-4.068577e+00,-3.988556e+00,2.679428e+00,3.578865e+02,3.020306e+02
5.439615e+01,1.172999e+00,3.878355e+02,2.816516e+02,266,266,-2.467952e+02,2.467952e+02,0.000000e+00,-4.079259e+00,-1.467810e+00,2.146191e+00,4.563576e+02,2.930702e+02
5.447119e+01,1.172999e+00,3.881119e+02,2.815331e+02,142,142,-2.715877e+02,2.715877e+02,0.000000e+00,-4.489052e+00,-7.199711e-02,2.147403e+00,4.602506e+02,2.870583e+02
5.454684e+01,1.172999e+00,3.881008e+02,2.820159e+02,1000,2000,-2.715877e+02,2.715877e+02,0.000000e+00,-4.489052e+00,-2.596619e+00,2.606708e+00,3.595175e+02,3.031360e+02
5.461336e+01,1.172999e+00,3.841008e+02,2.760159e+02,38,38,-2.923692e+02,2.923692e+02,0.000000e+00,-4.832548e+00,-1.560783e+00,2.146298e+00,4.682981e+02,2.751088e+02
5.467628e+01,1.172999e+00,3.842855e+02,2.764585e+02,-22,-22,-3.045354e+02,3.045354e+02,0.000000e+00,-5.033643e+00,-4.546012e-02,2.147403e+00,4.702506e+02,2.710583e+02
5.474821e+01,1.172999e+00,3.842580e+02,2.761842e+02,1000,2000,-3.045354e+02,3.045354e+02,0.000000e+00,-5.033643e+00,-4.268787e+00,2.554846e+00,3.610819e+02,3.031509e+02
5.482395e+01,1.172999e+00,3.782580e+02,2.711842e+02,-135,-135,-3.270514e+02,3.270514e+02,0.000000e+00,-5.405808e+00,-1.616114e+00,2.147403e+00,4.802506e+02,2.570583e+02
5.489778e+01,1.172999e+00,3.790579e+02,2.705626e+02,1000,2000,-3.270514e+02,3.270514e+02,0.000000e+00,-5.405808e+00,1.938971e+00,2.539841e+00,3.591239e+02,3.000885e+02
5.496039e+01,1.172999e+00,3.730436e+02,2.675582e+02,-1252,-1252,-5.505537e+02,5.505537e+02,0.000000e+00,-9.100062e+00,-2.635607e+00,2.758934e+00,3.916573e+02,2.353286e+02
5.502451e+01,1.172999e+00,3.731633e+02,2.670612e+02,2566,1409,2.133434e+02,1.817036e+01,1.157569e+02,1.613000e+00,-4.257613e+00,2.641819e+00,3.194658e+02,2.918927e+02
5.509896e+01,1.172999e+00,3.771808e+02,2.698707e+02,-1298,-1298,-5.596721e+02,5.596721e+02,0.000000e+00,-9.250778e+00,-2.667725e+00,2.695525e+00,3.939019e+02,2.366262e+02
5.519592e+01,1.172999e+00,3.777679e+02,2.694951e+02,2583,1442,2.166231e+02,1.149589e+01,1.140595e+02,1.695267e+00,-4.259698e+00,2.612728e+00,3.150384e+02,2.939677e+02
5.528485e+01,1.172999e+00,3.828071e+02,2.709461e+02,-474,-474,-3.949549e+02,3.949549e+02,0.000000e+00,-6.528180e+00,-1.802188e+00,2.146298e+00,5.052981e+02,2.191088e+02
5.534823e+01,1.172999e+00,3.822983e+02,2.712809e+02,2567,1419,2.135783e+02,1.618661e+01,1.148825e+02,1.631336e+00,-4.254548e+00,2.583275e+00,3.151257e+02,2.951001e+02
5.542764e+01,1.172999e+00,3.864390e+02,2.732797e+02,2573,1424,2.147352e+02,1.505286e+01,1.148940e+02,1.650267e+00,-4.213744e+00,2.579242e+00,3.150019e+02,2.934152e+02
5.551091e+01,1.172999e+00,3.905540e+02,2.753202e+02,1000,2000,2.147352e+02,1.505286e+01,1.148940e+02,1.650267e+00,1.854950e+00,2.390723e+00,3.745110e+02,3.071013e+02
5.558010e+01,1.172999e+00,3.845540e+02,2.723202e+02,1000,2000,2.147352e+02,1.505286e+01,1.148940e+02,1.650267e+00,1.854950e+00,2.410901e+00,3.685110e+02,3.041013e+02
5.573667e+01,1.172999e+00,3.715540e+02,2.653202e+02,2577,1430,2.155230e+02,1.395669e+01,1.147399e+02,1.665837e+00,-4.284410e+00,2.533254e+00,3.194874e+02,2.919651e+02
5.587651e+01,1.172999e+00,3.786872e+02,2.697520e+02,-649,-649,-4.298695e+02,4.298695e+02,0.000000e+00,-7.105280e+00,-1.888100e+00,2.147339e+00,5.372506e+02,1.710583e+02
5.602245e+01,1.172999e+00,3.774497e+02,2.726866e+02,2566,1433,2.132463e+02,1.328881e+01,1.132676e+02,1.652541e+00,-4.237271e+00,2.500037e+00,3.153258e+02,2.955225e+02
5.617667e+01,1.172999e+00,3.860977e+02,2.721504e+02,1000,2000,2.132463e+02,1.328881e+01,1.132676e+02,1.652541e+00,-3.584517e+00,2.694109e+00,3.060461e+02,2.183307e+02
5.633279e+01,1.172999e+00,3.720977e+02,2.661504e+02,2562,1408,2.124580e+02,1.834020e+01,1.153991e+02,1.604279e+00,-4.287954e+00,2.468563e+00,3.200783e+02,2.930238e+02
5.640013e+01,1.172999e+00,3.752846e+02,2.677849e+02,2557,1428,2.114904e+02,1.424168e+01,1.128660e+02,1.630155e+00,-4.251203e+00,2.464344e+00,3.200849e+02,2.920983e+02
5.647443e+01,1.172999e+00,3.793532e+02,2.695435e+02,1000,2000,2.114904e+02,1.424168e+01,1.128660e+02,1.630155e+00,1.899596e+00,2.365400e+00,3.614079e+02,3.001930e+02
5.655258e+01,1.172999e+00,3.723532e+02,2.655435e+02,-724,-724,-4.448016e+02,4.448016e+02,0.000000e+00,-7.352093e+00,-1.931850e+00,2.119931e+00,5.742506e+02,1.140583e+02
5.665287e+01,1.172999e+00,3.720471e+02,2.660000e+02,2563,1403,2.126466e+02,1.935371e+01,1.160001e+02,1.597462e+00,-4.312664e+00,2.431864e+00,3.211707e+02,2.944582e+02
5.679609e+01,1.172999e+00,3.795705e+02,2.692983e+02,1000,2000,2.126466e+02,1.935371e+01,1.160001e+02,1.597462e+00,1.854248e+00,2.328496e+00,3.635526e+02,3.010965e+02
5.695714e+01,1.172999e+00,3.665705e+02,2.622983e+02,2578,1430,2.157430e+02,1.391435e+01,1.148287e+02,1.668005e+00,1.960327e+00,2.438383e+00,3.184464e+02,2.913748e+02
5.708921e+01,1.172999e+00,3.745495e+02,2.668529e+02,-1275,-1275,-5.551264e+02,5.551264e+02,0.000000e+00,-9.175643e+00,-2.652422e+00,2.449405e+00,3.921729e+02,2.341589e+02
5.723938e+01,1.172999e+00,3.746634e+02,2.660948e+02,2586,1429,2.172847e+02,1.401538e+01,1.156500e+02,1.679912e+00,1.968248e+00,2.469956e+00,3.156240e+02,2.946988e+02
5.739205e+01,1.172999e+00,3.821898e+02,2.699643e+02,1000,2000,2.172847e+02,1.401538e+01,1.156500e+02,1.679912e+00,-3.581861e+00,2.690640e+00,3.041142e+02,2.174811e+02
5.752926e+01,1.172999e+00,3.691898e+02,2.639643e+02,2549,1428,2.099940e+02,1.429666e+01,1.121453e+02,1.617334e+00,-4.314054e+00,2.493329e+00,3.194905e+02,2.925105e+02
5.767934e+01,1.172999e+00,3.772819e+02,2.677069e+02,-638,-638,-4.277024e+02,4.277024e+02,0.000000e+00,-7.069462e+00,-1.884802e+00,2.147339e+00,5.402506e+02,1.660583e+02
5.782963e+01,1.172999e+00,3.770762e+02,2.680741e+02,2562,1405,2.125867e+02,1.882102e+01,1.157039e+02,1.601369e+00,-4.309232e+00,2.524095e+00,3.156806e+02,2.962601e+02
5.793318e+01,1.172999e+00,3.831327e+02,2.698668e+02,2549,1424,2.099034e+02,1.516484e+01,1.125341e+02,1.609410e+00,-4.255130e+00,2.544199e+00,3.153584e+02,2.936965e+02
5.805889e+01,1.172999e+00,3.898101e+02,2.729204e+02,-601,-601,-4.202639e+02,4.202639e+02,0.000000e+00,-6.946511e+00,-1.894700e+00,2.146195e+00,5.192981e+02,1.981088e+02
5.815959e+01,1.172999e+00,3.901490e+02,2.729524e+02,2548,1426,2.097002e+02,1.468383e+01,1.121920e+02,1.611705e+00,-4.262039e+00,2.565553e+00,3.155561e+02,2.969764e+02
5.826850e+01,1.172999e+00,3.948400e+02,2.782621e+02,-579,-579,-4.158186e+02,4.158186e+02,0.000000e+00,-6.873035e+00,-1.908650e+00,2.147301e+00,5.082506e+02,2.150583e+02
5.835618e+01,1.172999e+00,