4.561100e-03,1.494167e+00,4.989789e+02,1.080719e+02,1991,1991,9.833341e+01,-9.833341e+01,0.000000e+00,1.625346e+00,3.908736e+01,4.063364e-01
9.740170e-02,1.494167e+00,3.000977e+02,1.956816e+02,-1527,-1527,-6.054080e+02,6.054080e+02,0.000000e+00,-1.000674e+01,4.001857e+01,-2.501686e+00
2.511565e-01,1.494167e+00,3.000977e+02,1.956816e+02,-1527,-1527,-6.054080e+02,6.054080e+02,0.000000e+00,-1.000674e+01,4.001857e+01,-2.501686e+00
3.421354e-01,1.494167e+00,3.000977e+02,1.956816e+02,-1527,-1527,-6.054080e+02,6.054080e+02,0.000000e+00,-1.000674e+01,4.001857e+01,-2.501686e+00
4.785996e-01,1.494167e+00,3.000977e+02,1.956816e+02,-1527,-1527,-6.054080e+02,6.054080e+02,0.000000e+00,-1.000674e+01,4.001857e+01,-2.501686e+00
5.708793e-01,1.494167e+00,3.000977e+02,1.956816e+02,-1527,-1527,-6.054080e+02,6.054080e+02,0.000000e+00,-1.000674e+01,4.001857e+01,-2.501686e+00
6.926854e-01,1.494167e+00,3.000977e+02,1.956816e+02,-1527,-1527,-6.054080e+02,6.054080e+02,0.000000e+00,-1.000674e+01,4.001857e+01,-2.501686e+00
7.831458e-01,1.494167e+00,3.000977e+02,1.956816e+02,2952,2952,2.904233e+02,-2.904233e+02,0.000000e+00,4.800386e+00,3.903713e+01,1.200096e+00
9.049976e-01,1.494167e+00,3.000977e+02,1.956816e+02,-1527,-1527,-6.054080e+02,6.054080e+02,0.000000e+00,-1.000674e+01,4.001857e+01,-2.501686e+00
1.011269e+00,1.494167e+00,3.000977e+02,1.956816e+02,-1527,-1527,-6.054080e+02,6.054080e+02,0.000000e+00,-1.000674e+01,4.001857e+01,-2.501686e+00
1.130020e+00,1.494167e+00,3.000977e+02,1.956816e+02,-1527,-1527,-6.054080e+02,6.054080e+02,0.000000e+00,-1.000674e+01,4.001857e+01,-2.501686e+00
1.225920e+00,1.494167e+00,3.000977e+02,1.956816e+02,-1527,-1527,-6.054080e+02,6.054080e+02,0.000000e+00,-1.000674e+01,4.001857e+01,-2.501686e+00
1.331463e+00,1.494167e+00,3.000977e+02,1.956816e+02,-1527,-1527,-6.054080e+02,6.054080e+02,0.000000e+00,-1.000674e+01,4.001857e+01,-2.501686e+00
1.440922e+00,1.494167e+00,3.000977e+02,1.956816e+02,-1527,-1527,-6.054080e+02,6.054080e+02,0.000000e+00,-1.000674e+01,4.001857e+01,-2.501686e+00
1.560557e+00,1.494167e+00,3.000977e+02,1.956816e+02,-1527,-1527,-6.054080e+02,6.054080e+02,0.000000e+00,-1.000674e+01,4.001857e+01,-2.501686e+00
1.670868e+00,1.494167e+00,3.000977e+02,1.956816e+02,-1527,-1527,-6.054080e+02,6.054080e+02,0.000000e+00,-1.000674e+01,4.001857e+01,-2.501686e+00
1.772881e+00,1.494167e+00,3.000977e+02,1.956816e+02,-1527,-1527,-6.054080e+02,6.054080e+02,0.000000e+00,-1.000674e+01,4.001857e+01,-2.501686e+00
1.885955e+00,1.494167e+00,3.000977e+02,1.956816e+02,-1527,-1527,-6.054080e+02,6.054080e+02,0.000000e+00,-1.000674e+01,4.001857e+01,-2.501686e+00
1.998129e+00,1.494167e+00,3.000977e+02,1.956816e+02,-1527,-1527,-6.054080e+02,6.054080e+02,0.000000e+00,-1.000674e+01,4.001857e+01,-2.501686e+00
2.109544e+00,1.494167e+00,3.000977e+02,1.956816e+02,-1527,-1527,-6.054080e+02,6.054080e+02,0.000000e+00,-1.000674e+01,4.001857e+01,-2.501686e+00
2.213525e+00,1.494167e+00,3.000977e+02,1.956816e+02,-1527,-1527,-6.054080e+02,6.054080e+02,0.000000e+00,-1.000674e+01,4.001857e+01,-2.501686e+00
2.323297e+00,1.494167e+00,3.000977e+02,1.956816e+02,-1527,-1527,-6.054080e+02,6.054080e+02,0.000000e+00,-1.000674e+01,4.001857e+01,-2.501686e+00
2.430688e+00,1.494167e+00,3.000977e+02,1.956816e+02,-1527,-1527,-6.054080e+02,6.054080e+02,0.000000e+00,-1.000674e+01,4.001857e+01,-2.501686e+00
2.523194e+00,1.494167e+00,3.000977e+02,1.956816e+02,-1527,-1527,-6.054080e+02,6.054080e+02,0.000000e+00,-1.000674e+01,4.001857e+01,-2.501686e+00
2.628747e+00,1.494167e+00,3.000977e+02,1.956816e+02,-1527,-1527,-6.054080e+02,6.054080e+02,0.000000e+00,-1.000674e+01,4.001857e+01,-2.501686e+00
2.722180e+00,1.494167e+00,3.000977e+02,1.956816e+02,-1527,-1527,-6.054080e+02,6.054080e+02,0.000000e+00,-1.000674e+01,4.001857e+01,-2.501686e+00
2.844774e+00,1.494167e+00,3.000977e+02,1.956816e+02,-1527,-1527,-6.054080e+02,6.054080e+02,0.000000e+00,-1.000674e+01,4.001857e+01,-2.501686e+00
2.939218e+00,1.494167e+00,3.000977e+02,1.956816e+02,-1527,-1527,-6.054080e+02,6.054080e+02,0.000000e+00,-1.000674e+01,4.001857e+01,-2.501686e+00
3.055583e+00,1.494167e+00,3.000977e+02,1.956816e+02,-1527,-1527,-6.054080e+02,6.054080e+02,0.000000e+00,-1.000674e+01,4.001857e+01,-2.501686e+00
3.167017e+00,1.494167e+00,3.000977e+02,1.956816e+02,-1527,-1527,-6.054080e+02,6.054080e+02,0.000000e+00,-1.000674e+01,4.001857e+01,-2.501686e+00
3.302055e+00,1.494167e+00,3.000977e+02,1.956816e+02,-1527,-1527,-6.054080e+02,6.054080e+02,0.000000e+00,-1.000674e+01,4.001857e+01,-2.501686e+00
3.425826e+00,1.494167e+00,3.000977e+02,1.956816e+02,-1527,-1527,-6.054080e+02,6.054080e+02,0.000000e+00,-1.000674e+01,4.001857e+01,-2.501686e+00
3.531274e+00,1.494167e+00,3.000977e+02,1.956816e+02,-1527,-1527,-6.054080e+02,6.054080e+02,0.000000e+00,-1.000674e+01,4.001857e+01,-2.501686e+00
3.669024e+00,1.494167e+00,3.000977e+02,1.956816e+02,-1527,-1527,-6.054080e+02,6.054080e+02,0.000000e+00,-1.000674e+01,4.001857e+01,-2.501686e+00
3.760663e+00,1.494167e+00,3.000977e+02,1.956816e+02,-1527,-1527,-6.054080e+02,6.054080e+02,0.000000e+00,-1.000674e+01,4.001857e+01,-2.501686e+00
3.885149e+00,1.494167e+00,3.000977e+02,1.956816e+02,-1527,-1527,-6.054080e+02,6.054080e+02,0.000000e+00,-1.000674e+01,4.001857e+01,-2.501686e+00
3.991055e+00,1.494167e+00,3.000977e+02,1.956816e+02,-1527,-1527,-6.054080e+02,6.054080e+02,0.000000e+00,-1.000674e+01,4.001857e+01,-2.501686e+00
4.112811e+00,1.494167e+00,3.000977e+02,1.956816e+02,-1527,-1527,-6.054080e+02,6.054080e+02,0.000000e+00,-1.000674e+01,4.001857e+01,-2.501686e+00
4.225588e+00,1.494167e+00,3.000977e+02,1.956816e+02,-1527,-1527,-6.054080e+02,6.054080e+02,0.000000e+00,-1.000674e+01,4.001857e+01,-2.501686e+00
4.340681e+00,1.494167e+00,3.000977e+02,1.956816e+02,-1527,-1527,-6.054080e+02,6.054080e+02,0.000000e+00,-1.000674e+01,4.001857e+01,-2.501686e+00
4.432203e+00,1.494167e+00,3.000977e+02,1.956816e+02,-1527,-1527,-6.054080e+02,6.054080e+02,0.000000e+00,-1.000674e+01,4.001857e+01,-2.501686e+00
4.552752e+00,1.494167e+00,3.000977e+02,1.956816e+02,-1527,-1527,-6.054080e+02,6.054080e+02,0.000000e+00,-1.000674e+01,4.001857e+01,-2.501686e+00
4.649805e+00,1.494167e+00,3.000977e+02,1.956816e+02,-1527,-1527,-6.054080e+02,6.054080e+02,0.000000e+00,-1.000674e+01,4.001857e+01,-2.501686e+00
4.767439e+00,1.494167e+00,3.000977e+02,1.956816e+02,2952,2952,2.904233e+02,-2.904233e+02,0.000000e+00,4.800386e+00,3.903713e+01,1.200096e+00
4.902058e+00,1.494167e+00,3.000977e+02,1.956816e+02,-1527,-1527,-6.054080e+02,6.054080e+02,0.000000e+00,-1.000674e+01,4.001857e+01,-2.501686e+00
4.999559e+00,1.494167e+00,3.000977e+02,1.956816e+02,-1527,-1527,-6.054080e+02,6.054080e+02,0.000000e+00,-1.000674e+01,4.001857e+01,-2.501686e+00
5.126596e+00,1.494167e+00,3.000977e+02,1.956816e+02,-1527,-1527,-6.054080e+02,6.054080e+02,0.000000e+00,-1.000674e+01,4.001857e+01,-2.501686e+00
5.229356e+00,1.494167e+00,3.000977e+02,1.956816e+02,-1527,-1527,-6.054080e+02,6.054080e+02,0.000000e+00,-1.000674e+01,4.001857e+01,-2.501686e+00
5.351886e+00,1.494167e+00,3.000977e+02,1.956816e+02,2952,2952,2.904233e+02,-2.904233e+02,0.000000e+00,4.800386e+00,3.903713e+01,1.200096e+00
5.441832e+00,1.494167e+00,3.000977e+02,1.956816e+02,-1527,-1527,-6.054080e+02,6.054080e+02,0.000000e+00,-1.000674e+01,4.001857e+01,-2.501686e+00
5.550752e+00,1.494167e+00,3.000977e+02,1.956816e+02,-1527,-1527,-6.054080e+02,6.054080e+02,0.000000e+00,-1.000674e+01,4.001857e+01,-2.501686e+00
5.641724e+00,1.494167e+00,3.000977e+02,1.956816e+02,2952,2952,2.904233e+02,-2.904233e+02,0.000000e+00,4.800386e+00,3.903713e+01,1.200096e+00
5.751930e+00,1.494167e+00,3.000977e+02,1.956816e+02,-1527,-1527,-6.054080e+02,6.054080e+02,0.000000e+00,-1.000674e+01,4.001857e+01,-2.501686e+00
5.852761e+00,1.494167e+00,3.000977e+02,1.956816e+02,-1527,-1527,-6.054080e+02,6.054080e+02,0.000000e+00,-1.000674e+01,4.001857e+01,-2.501686e+00
5.949628e+00,1.494167e+00,3.000977e+02,1.956816e+02,-1527,-1527,-6.054080e+02,6.054080e+02,0.000000e+00,-1.000674e+01,4.001857e+01,-2.501686e+00
6.068115e+00,1.494167e+00,3.000977e+02,1.956816e+02,-1527,-1527,-6.054080e+02,6.054080e+02,0.000000e+00,-1.000674e+01,4.001857e+01,-2.501686e+00
6.163379e+00,1.494167e+00,3.000977e+02,1.956816e+02,-1527,-1527,-6.054080e+02,6.054080e+02,0.000000e+00,-1.000674e+01,4.001857e+01,-2.501686e+00
6.269645e+00,1.494167e+00,3.000977e+02,1.956816e+02,-1527,-1527,-6.054080e+02,6.054080e+02,0.000000e+00,-1.000674e+01,4.001857e+01,-2.501686e+00
6.364678e+00,1.494167e+00,3.000977e+02,1.956816e+02,-1527,-1527,-6.054080e+02,6.054080e+02,0.000000e+00,-1.000674e+01,4.001857e+01,-2.501686e+00
6.472952e+00,1.494167e+00,3.000977e+02,1.956816e+02,-1527,-1527,-6.054080e+02,6.054080e+02,0.000000e+00,-1.000674e+01,4.001857e+01,-2.501686e+00
6.581206e+00,1.494167e+00,3.000977e+02,1.956816e+02,-1527,-1527,-6.054080e+02,6.054080e+02,0.000000e+00,-1.000674e+01,4.001857e+01,-2.501686e+00
6.684509e+00,1.494167e+00,3.000977e+02,1.956816e+02,-1527,-1527,-6.054080e+02,6.054080e+02,0.000000e+00,-1.000674e+01,4.001857e+01,-2.501686e+00
6.796985e+00,1.494167e+00,3.000977e+02,1.956816e+02,-1527,-1527,-6.054080e+02,6.054080e+02,0.000000e+00,-1.000674e+01,4.001857e+01,-2.501686e+00
6.929838e+00,1.494167e+00,3.000977e+02,1.956816e+02,-1527,-1527,-6.054080e+02,6.054080e+02,0.000000e+00,-1.000674e+01,4.001857e+01,-2.501686e+00
7.052836e+00,1.494167e+00,3.000977e+02,1.956816e+02,-1527,-1527,-6.054080e+02,6.054080e+02,0.000000e+00,-1.000674e+01,4.001857e+01,-2.501686e+00
7.160378e+00,1.494167e+00,3.000977e+02,1.956816e+02,-1527,-1527,-6.054080e+02,6.054080e+02,0.000000e+00,-1.000674e+01,4.001857e+01,-2.501686e+00
7.315709e+00,1.494167e+00,3.000977e+02,1.956816e+02,-1527,-1527,-6.054080e+02,6.054080e+02,0.000000e+00,-1.000674e+01,4.001857e+01,-2.501686e+00
7.422841e+00,1.494167e+00,3.000977e+02,1.956816e+02,-1527,-1527,-6.054080e+02,6.054080e+02,0.000000e+00,-1.000674e+01,4.001857e+01,-2.501686e+00
7.544401e+00,1.494167e+00,3.000977e+02,1.956816e+02,-1527,-1527,-6.054080e+02,6.054080e+02,0.000000e+00,-1.000674e+01,4.001857e+01,-2.501686e+00
7.653708e+00,1.494167e+00,3.000977e+02,1.956816e+02,-1527,-1527,-6.054080e+02,6.054080e+02,0.000000e+00,-1.000674e+01,4.001857e+01,-2.501686e+00
7.772907e+00,1.494167e+00,3.000977e+02,1.956816e+02,-1527,-1527,-6.054080e+02,6.054080e+02,0.000000e+00,-1.000674e+01,4.001857e+01,-2.501686e+00
7.864243e+00,1.494167e+00,3.000977e+02,1.956816e+02,-1527,-1527,-6.054080e+02,6.054080e+02,0.000000e+00,-1.000674e+01,4.001857e+01,-2.501686e+00
7.989020e+00,1.494167e+00,3.000977e+02,1.956816e+02,-1527,-1527,-6.054080e+02,6.054080e+02,0.000000e+00,-1.000674e+01,4.001857e+01,-2.501686e+00
8.110910e+00,1.494167e+00,3.000977e+02,1.956816e+02,-1527,-1527,-6.054080e+02,6.054080e+02,0.000000e+00,-1.000674e+01,4.001857e+01,-2.501686e+00
8.231897e+00,1.494167e+00,3.000977e+02,1.956816e+02,-1527,-1527,-6.054080e+02,6.054080e+02,0.000000e+00,-1.000674e+01,4.001857e+01,-2.501686e+00
8.368639e+00,1.494167e+00,3.000977e+02,1.956816e+02,-1527,-1527,-6.054080e+02,6.054080e+02,0.000000e+00,-1.000674e+01,4.001857e+01,-2.501686e+00
8.476386e+00,1.494167e+00,3.000977e+02,1.956816e+02,-1527,-1527,-6.054080e+02,6.054080e+02,0.000000e+00,-1.000674e+01,4.001857e+01,-2.501686e+00
8.612421e+00,1.494167e+00,3.000977e+02,1.956816e+02,-1527,-1527,-6.054080e+02,6.054080e+02,0.000000e+00,-1.000674e+01,4.001857e+01,-2.501686e+00
8.705096e+00,1.494167e+00,3.000977e+02,1.956816e+02,-1527,-1527,-6.054080e+02,6.054080e+02,0.000000e+00,-1.000674e+01,4.001857e+01,-2.501686e+00
8.825456e+00,1.494167e+00,3.000977e+02,1.956816e+02,-1527,-1527,-6.054080e+02,6.054080e+02,0.000000e+00,-1.000674e+01,4.001857e+01,-2.501686e+00
8.916233e+00,1.494167e+00,3.000977e+02,1.956816e+02,-1527,-1527,-6.054080e+02,6.054080e+02,0.000000e+00,-1.000674e+01,4.001857e+01,-2.501686e+00
9.053760e+00,1.494167e+00,3.000977e+02,1.956816e+02,-1527,-1527,-6.054080e+02,6.054080e+02,0.000000e+00,-1.000674e+01,4.001857e+01,-2.501686e+00
9.147823e+00,1.494167e+00,3.000977e+02,1.956816e+02,-1527,-1527,-6.054080e+02,6.054080e+02,0.000000e+00,-1.000674e+01,4.001857e+01,-2.501686e+00
9.251938e+00,1.494167e+00,3.000977e+02,1.956816e+02,-1527,-1527,-6.054080e+02,6.054080e+02,0.000000e+00,-1.000674e+01,4.001857e+01,-2.501686e+00
9.343584e+00,1.494167e+00,3.000977e+02,1.956816e+02,-1527,-1527,-6.054080e+02,6.054080e+02,0.000000e+00,-1.000674e+01,4.001857e+01,-2.501686e+00
9.448955e+00,1.494167e+00,3.000977e+02,1.956816e+02,-1527,-1527,-6.054080e+02,6.054080e+02,0.000000e+00,-1.000674e+01,4.001857e+01,-2.501686e+00
9.555485e+00,1.494167e+00,3.000977e+02,1.956816e+02,-1527,-1527,-6.054080e+02,6.054080e+02,0.000000e+00,-1.000674e+01,4.001857e+01,-2.501686e+00
9.678876e+00,1.494167e+00,3.000977e+02,1.956816e+02,-1527,-1527,-6.054080e+02,6.054080e+02,0.000000e+00,-1.000674e+01,4.001857e+01,-2.501686e+00
9.769601e+00,1.494167e+00,3.000977e+02,1.956816e+02,-1527,-1527,-6.054080e+02,6.054080e+02,0.000000e+00,-1.000674e+01,4.001857e+01,-2.501686e+00
9.897123e+00,1.494167e+00,3.000977e+02,1.956816e+02,-1527,-1527,-6.054080e+02,6.054080e+02,0.000000e+00,-1.000674e+01,4.001857e+01,-2.501686e+00
1.000287e+01,1.494167e+00,3.000977e+02,1.956816e+02,-1527,-1527,-6.054080e+02,6.054080e+02,0.000000e+00,-1.000674e+01,4.001857e+01,-2.501686e+00
1.012524e+01,1.494167e+00,3.000977e+02,1.956816e+02,-1527,-1527,-6.054080e+02,6.054080e+02,0.000000e+00,-1.000674e+01,4.001857e+01,-2.501686e+00
1.023199e+01,1.494167e+00,3.000977e+02,1.956816e+02,-1527,-1527,-6.054080e+02,6.054080e+02,0.000000e+00,-1.000674e+01,4.001857e+01,-2.501686e+00
1.033577e+01,1.494167e+00,3.000977e+02,1.956816e+02,-1527,-1527,-6.054080e+02,6.054080e+02,0.000000e+00,-1.000674e+01,4.001857e+01,-2.501686e+00
1.044455e+01,1.494167e+00,3.000977e+02,1.956816e+02,-1527,-1527,-6.054080e+02,6.054080e+02,0.000000e+00,-1.000674e+01,4.001857e+01,-2.501686e+00
1.056310e+01,1.494167e+00,3.000977e+02,1.956816e+02,-1527,-1527,-6.054080e+02,6.054080e+02,0.000000e+00,-1.000674e+01,4.001857e+01,-2.501686e+00
1.067283e+01,1.494167e+00,3.000977e+02,1.956816e+02,-1527,-1527,-6.054080e+02,6.054080e+02,0.000000e+00,-1.000674e+01,4.001857e+01,-2.501686e+00
1.078024e+01,1.494167e+00,3.000977e+02,1.956816e+02,-1527,-1527,-6.054080e+02,6.054080e+02,0.000000e+00,-1.000674e+01,4.001857e+01,-2.501686e+00
1.089016e+01,1.494167e+00,3.000977e+02,1.956816e+02,-1527,-1527,-6.054080e+02,6.054080e+02,0.000000e+00,-1.000674e+01,4.001857e+01,-2.501686e+00
1.099930e+01,1.494167e+00,3.000977e+02,1.956816e+02,-1527,-1527,-6.054080e+02,6.054080e+02,0.000000e+00,-1.000674e+01,4.001857e+01,-2.501686e+00
1.112252e+01,1.494167e+00,3.000977e+02,1.956816e+02,-1527,-1527,-6.054080e+02,6.054080e+02,0.000000e+00,-1.000674e+01,4.001857e+01,-2.501686e+00
1.122887e+01,1.494167e+00,3.000977e+02,1.956816e+02,-1527,-1527,-6.054080e+02,6.054080e+02,0.000000e+00,-1.000674e+01,4.001857e+01,-2.501686e+00
1.136690e+01,1.494167e+00,3.000977e+02,1.956816e+02,-1527,-1527,-6.054080e+02,6.054080e+02,0.000000e+00,-1.000674e+01,4.001857e+01,-2.501686e+00
1.147609e+01,1.494167e+00,3.000977e+02,1.956816e+02,-1527,-1527,-6.054080e+02,6.054080e+02,0.000000e+00,-1.000674e+01,4.001857e+01,-2.501686e+00
1.160918e+01,1.494167e+00,3.000977e+02,1.956816e+02,-1527,-1527,-6.054080e+02,6.054080e+02,0.000000e+00,-1.000674e+01,4.001857e+01,-2.501686e+00
1.171703e+01,1.494167e+00,3.000977e+02,1.956816e+02,-1527,-1527,-6.054080e+02,6.054080e+02,0.000000e+00,-1.000674e+01,4.001857e+01,-2.501686e+00
1.184021e+01,1.494167e+00,3.000977e+02,1.956816e+02,-1527,-1527,-6.054080e+02,6.054080e+02,0.000000e+00,-1.000674e+01,4.001857e+01,-2.501686e+00
1.196437e+01,1.494167e+00,3.000977e+02,1.956816e+02,-1527,-1527,-6.054080e+02,6.054080e+02,0.000000e+00,-1.000674e+01,4.001857e+01,-2.501686e+00
1.208103e+01,1.494167e+00,3.000977e+02,1.956816e+02,-1527,-1527,-6.054080e+02,6.054080e+02,0.000000e+00,-1.000674e+01,4.001857e+01,-2.501686e+00
1.221865e+01,1.494167e+00,3.000977e+02,1.956816e+02,-1527,-1527,-6.054080e+02,6.054080e+02,0.000000e+00,-1.000674e+01,4.001857e+01,-2.501686e+00
1.232365e+01,1.494167e+00,3.000977e+02,1.956816e+02,-1527,-1527,-6.054080e+02,6.054080e+02,0.000000e+00,-1.000674e+01,4.001857e+01,-2.501686e+00
1.246346e+01,1.494167e+00,3.000977e+02,1.956816e+02,-1527,-1527,-6.054080e+02,6.054080e+02,0.000000e+00,-1.000674e+01,4.001857e+01,-2.501686e+00
1.257148e+01,1.494167e+00,3.000977e+02,1.956816e+02,-1527,-1527,-6.054080e+02,6.054080e+02,0.000000e+00,-1.000674e+01,4.001857e+01,-2.501686e+00
1.269200e+01,1.494167e+00,3.000977e+02,1.956816e+02,-1527,-1527,-6.054080e+02,6.054080e+02,0.000000e+00,-1.000674e+01,4.001857e+01,-2.501686e+00
1.280126e+01,1.494167e+00,3.000977e+02,1.956816e+02,-1527,-1527,-6.054080e+02,6.054080e+02,0.000000e+00,-1.000674e+01,4.001857e+01,-2.501686e+00
1.290969e+01,1.494167e+00,3.000977e+02,1.956816e+02,-1527,-1527,-6.054080e+02,6.054080e+02,0.000000e+00,-1.000674e+01,4.001857e+01,-2.501686e+00
1.301667e+01,1.494167e+00,3.000977e+02,1.956816e+02,-1527,-1527,-6.054080e+02,6.054080e+02,0.000000e+00,-1.000674e+01,4.001857e+01,-2.501686e+00
1.311989e+01,1.494167e+00,3.000977e+02,1.956816e+02,-1527,-1527,-6.054080e+02,6.054080e+02,0.000000e+00,-1.000674e+01,4.001857e+01,-2.501686e+00
1.323189e+01,1.494167e+00,3.000977e+02,1.956816e+02,-1527,-1527,-6.054080e+02,6.054080e+02,0.000000e+00,-1.000674e+01,4.001857e+01,-2.501686e+00
1.333729e+01,1.494167e+00,3.000977e+02,1.956816e+02,2952,2952,2.904233e+02,-2.904233e+02,0.000000e+00,4.800386e+00,3.903713e+01,1.200096e+00
1.344968e+01,1.494167e+00,3.000977e+02,1.956816e+02,-1527,-1527,-6.054080e+02,6.054080e+02,0.000000e+00,-1.000674e+01,4.001857e+01,-2.501686e+00
1.355275e+01,1.494167e+00,3.000977e+02,1.956816e+02,-1527,-1527,-6.054080e+02,6.054080e+02,0.000000e+00,-1.000674e+01,4.001857e+01,-2.501686e+00
1.366346e+01,1.494167e+00,3.000977e+02,1.956816e+02,-1527,-1527,-6.054080e+02,6.054080e+02,0.000000e+00,-1.000674e+01,4.001857e+01,-2.501686e+00
1.376920e+01,1.494167e+00,3.000977e+02,1.956816e+02,-1527,-1527,-6.054080e+02,6.054080e+02,0.000000e+00,-1.000674e+01,4.001857e+01,-2.501686e+00
1.388051e+01,1.494167e+00,3.000977e+02,1.956816e+02,-1527,-1527,-6.054080e+02,6.054080e+02,0.000000e+00,-1.000674e+01,4.001857e+01,-2.501686e+00
1.398490e+01,1.494167e+00,3.000977e+02,1.956816e+02,-1527,-1527,-6.054080e+02,6.054080e+02,0.000000e+00,-1.000674e+01,4.001857e+01,-2.501686e+00
1.412416e+01,1.494167e+00,3.000977e+02,1.956816e+02,-1527,-1527,-6.054080e+02,6.054080e+02,0.000000e+00,-1.000674e+01,4.001857e+01,-2.501686e+00
1.422913e+01,1.494167e+00,3.000977e+02,1.956816e+02,-1527,-1527,-6.054080e+02,6.054080e+02,0.000000e+00,-1.000674e+01,4.001857e+01,-2.501686e+00
1.435232e+01,1.494167e+00,3.000977e+02,1.956816e+02,-1527,-1527,-6.054080e+02,6.054080e+02,0.000000e+00,-1.000674e+01,4.001857e+01,-2.501686e+00
1.445882e+01,1.494167e+00,3.000977e+02,1.956816e+02,-1527,-1527,-6.054080e+02,6.054080e+02,0.000000e+00,-1.000674e+01,4.001857e+01,-2.501686e+00
1.459525e+01,1.494167e+00,3.000977e+02,1.956816e+02,-1527,-1527,-6.054080e+02,6.054080e+02,0.000000e+00,-1.000674e+01,4.001857e+01,-2.501686e+00
1.469829e+01,1.494167e+00,3.000977e+02,1.956816e+02,-1527,-1527,-6.054080e+02,6.054080e+02,0.000000e+00,-1.000674e+01,4.001857e+01,-2.501686e+00
1.481870e+01,1.494167e+00,3.000977e+02,1.956816e+02,-1527,-1527,-6.054080e+02,6.054080e+02,0.000000e+00,-1.000674e+01,4.001857e+01,-2.501686e+00
1.492580e+01,1.494167e+00,3.000977e+02,1.956816e+02,-1527,-1527,-6.054080e+02,6.054080e+02,0.000000e+00,-1.000674e+01,4.001857e+01,-2.501686e+00
1.504362e+01,1.494167e+00,3.000977e+02,1.956816e+02,-1527,-1527,-6.054080e+02,6.054080e+02,0.000000e+00,-1.000674e+01,4.001857e+01,-2.501686e+00
1.514167e+01,1.494167e+00,3.000977e+02,1.956816e+02,-1527,-1527,-6.054080e+02,6.054080e+02,0.000000e+00,-1.000674e+01,4.001857e+01,-2.501686e+00
1.524342e+01,1.494167e+00,3.000977e+02,1.956816e+02,-1527,-1527,-6.054080e+02,6.054080e+02,0.000000e+00,-1.000674e+01,4.001857e+01,-2.501686e+00
1.533568e+01,1.494167e+00,3.000977e+02,1.956816e+02,-1527,-1527,-6.054080e+02,6.054080e+02,0.000000e+00,-1.000674e+01,4.001857e+01,-2.501686e+00
1.545790e+01,1.494167e+00,3.000977e+02,1.956816e+02,-1527,-1527,-6.054080e+02,6.054080e+02,0.000000e+00,-1.000674e+01,4.001857e+01,-2.501686e+00
1.558333e+01,1.494167e+00,3.000977e+02,1.956816e+02,-1527,-1527,-6.054080e+02,6.054080e+02,0.000000e+00,-1.000674e+01,4.001857e+01,-2.501686e+00
1.571714e+01,1.494167e+00,3.000977e+02,1.956816e+02,-1527,-1527,-6.054080e+02,6.054080e+02,0.000000e+00,-1.000674e+01,4.001857e+01,-2.501686e+00
1.587178e+01,1.494167e+00,3.000977e+02,1.956816e+02,-1527,-1527,-6.054080e+02,6.054080e+02,0.000000e+00,-1.000674e+01,4.001857e+01,-2.501686e+00
1.596198e+01,1.494167e+00,3.000977e+02,1.956816e+02,-1527,-1527,-6.054080e+02,6.054080e+02,0.000000e+00,-1.000674e+01,4.001857e+01,-2.501686e+00
1.609848e+01,1.494167e+00,3.000977e+02,1.956816e+02,-1527,-1527,-6.054080e+02,6.054080e+02,0.000000e+00,-1.000674e+01,4.001857e+01,-2.501686e+00
1.620766e+01,1.494167e+00,3.000977e+02,1.956816e+02,-1527,-1527,-6.054080e+02,6.054080e+02,0.000000e+00,-1.000674e+01,4.001857e+01,-2.501686e+00
1.631142e+01,1.494167e+00,3.000977e+02,1.956816e+02,-1527,-1527,-6.054080e+02,6.054080e+02,0.000000e+00,-1.000674e+01,4.001857e+01,-2.501686e+00
1.640125e+01,1.494167e+00,3.000977e+02,1.956816e+02,-1527,-1527,-6.054080e+02,6.054080e+02,0.000000e+00,-1.000674e+01,4.001857e+01,-2.501686e+00
1.653641e+01,1.494167e+00,3.000977e+02,1.956816e+02,-1527,-1527,-6.054080e+02,6.054080e+02,0.000000e+00,-1.000674e+01,4.001857e+01,-2.501686e+00
1.664795e+01,1.494167e+00,3.000977e+02,1.956816e+02,-1527,-1527,-6.054080e+02,6.054080e+02,0.000000e+00,-1.000674e+01,4.001857e+01,-2.501686e+00
1.675052e+01,1.494167e+00,3.000977e+02,1.956816e+02,-1527,-1527,-6.054080e+02,6.054080e+02,0.000000e+00,-1.000674e+01,4.001857e+01,-2.501686e+00
1.686336e+01,1.494167e+00,3.000977e+02,1.956816e+02,-1527,-1527,-6.054080e+02,6.054080e+02,0.000000e+00,-1.000674e+01,4.001857e+01,-2.501686e+00
1.698071e+01,1.494167e+00,3.000977e+02,1.956816e+02,-1527,-1527,-6.054080e+02,6.054080e+02,0.000000e+00,-1.000674e+01,4.001857e+01,-2.501686e+00
1.709299e+01,1.494167e+00,3.000977e+02,1.956816e+02,-1527,-1527,-6.054080e+02,6.054080e+02,0.000000e+00,-1.000674e+01,4.001857e+01,-2.501686e+00
1.719524e+01,1.494167e+00,3.000977e+02,1.956816e+02,-1527,-1527,-6.054080e+02,6.054080e+02,0.000000e+00,-1.000674e+01,4.001857e+01,-2.501686e+00
1.730869e+01,1.494167e+00,3.000977e+02,1.956816e+02,-1527,-1527,-6.054080e+02,6.054080e+02,0.000000e+00,-1.000674e+01,4.001857e+01,-2.501686e+00
1.741055e+01,1.494167e+00,3.000977e+02,1.956816e+02,-1527,-1527,-6.054080e+02,6.054080e+02,0.000000e+00,-1.000674e+01,4.001857e+01,-2.501686e+00
1.752358e+01,1.494167e+00,3.000977e+02,1.956816e+02,-1527,-1527,-6.054080e+02,6.054080e+02,0.000000e+00,-1.000674e+01,4.001857e+01,-2.501686e+00
1.762695e+01,1.494167e+00,3.000977e+02,1.956816e+02,-1527,-1527,-6.054080e+02,6.054080e+02,0.000000e+00,-1.000674e+01,4.001857e+01,-2.501686e+00
1.774950e+01,1.494167e+00,3.000977e+02,1.956816e+02,-1527,-1527,-6.054080e+02,6.054080e+02,0.000000e+00,-1.000674e+01,4.001857e+01,-2.501686e+00
1.785493e+01,1.494167e+00,3.000977e+02,1.956816e+02,-1527,-1527,-6.054080e+02,6.054080e+02,0.000000e+00,-1.000674e+01,4.001857e+01,-2.501686e+00
1.797697e+01,1.494167e+00,3.000977e+02,1.956816e+02,-1527,-1527,-6.054080e+02,6.054080e+02,0.000000e+00,-1.000674e+01,4.001857e+01,-2.501686e+00
1.808269e+01,1.494167e+00,3.000977e+02,1.956816e+02,-1527,-1527,-6.054080e+02,6.054080e+02,0.000000e+00,-1.000674e+01,4.001857e+01,-2.501686e+00
1.820642e+01,1.494167e+00,3.000977e+02,1.956816e+02,-1527,-1527,-6.054080e+02,6.054080e+02,0.000000e+00,-1.000674e+01,4.001857e+01,-2.501686e+00
1.829671e+01,1.494167e+00,3.000977e+02,1.956816e+02,-1527,-1527,-6.054080e+02,6.054080e+02,0.000000e+00,-1.000674e+01,4.001857e+01,-2.501686e+00
1.842207e+01,1.494167e+00,3.000977e+02,1.956816e+02,-1527,-1527,-6.054080e+02,6.054080e+02,0.000000e+00,-1.000674e+01,4.001857e+01,-2.501686e+00
1.851474e+01,1.494167e+00,3.000977e+02,1.956816e+02,-1527,-1527,-6.054080e+02,6.054080e+02,0.000000e+00,-1.000674e+01,4.001857e+01,-2.501686e+00
1.863949e+01,1.494167e+00,3.000977e+02,1.956816e+02,-1527,-1527,-6.054080e+02,6.054080e+02,0.000000e+00,-1.000674e+01,4.001857e+01,-2.501686e+00
1.874730e+01,1.494167e+00,3.000977e+02,1.956816e+02,-1527,-1527,-6.054080e+02,6.054080e+02,0.000000e+00,-1.000674e+01,4.001857e+01,-2.501686e+00
1.887223e+01,1.494167e+00,3.000977e+02,1.956816e+02,-1527,-1527,-6.054080e+02,6.054080e+02,0.000000e+00,-1.000674e+01,4.001857e+01,-2.501686e+00
1.897766e+01,1.494167e+00,3.000977e+02,1.956816e+02,-1527,-1527,-6.054080e+02,6.054080e+02,0.000000e+00,-1.000674e+01,4.001857e+01,-2.501686e+00
1.917721e+01,1.494167e+00,3.000977e+02,1.956816e+02,-1527,-1527,-6.054080e+02,6.054080e+02,0.000000e+00,-1.000674e+01,4.001857e+01,-2.501686e+00
1.932735e+01,1.494167e+00,3.000977e+02,1.956816e+02,-1527,-1527,-6.054080e+02,6.054080e+02,0.000000e+00,-1.000674e+01,4.001857e+01,-2.501686e+00
1.943580e+01,1.494167e+00,3.000977e+02,1.956816e+02,-1527,-1527,-6.054080e+02,6.054080e+02,0.000000e+00,-1.000674e+01,4.001857e+01,-2.501686e+00
1.955505e+01,1.494167e+00,3.000977e+02,1.956816e+02,-1527,-1527,-6.054080e+02,6.054080e+02,0.000000e+00,-1.000674e+01,4.001857e+01,-2.501686e+00
1.970701e+01,1.494167e+00,3.000977e+02,1.956816e+02,-1527,-1527,-6.054080e+02,6.054080e+02,0.000000e+00,-1.000674e+01,4.001857e+01,-2.501686e+00
1.981127e+01,1.494167e+00,3.000977e+02,1.956816e+02,-1527,-1527,-6.054080e+02,6.054080e+02,0.000000e+00,-1.000674e+01,4.001857e+01,-2.501686e+00
1.994501e+01,1.494167e+00,3.000977e+02,1.956816e+02,-1527,-1527,-6.054080e+02,6.054080e+02,0.000000e+00,-1.000674e+01,4.001857e+01,-2.501686e+00
2.006625e+01,1.494167e+00,3.000977e+02,1.956816e+02,-1527,-1527,-6.054080e+02,6.054080e+02,0.000000e+00,-1.000674e+01,4.001857e+01,-2.501686e+00
2.018751e+01,1.494167e+00,3.000977e+02,1.956816e+02,-1527,-1527,-6.054080e+02,6.054080e+02,0.000000e+00,-1.000674e+01,4.001857e+01,-2.501686e+00
2.030853e+01,1.494167e+00,3.000977e+02,1.956816e+02,-1527,-1527,-6.054080e+02,6.054080e+02,0.000000e+00,-1.000674e+01,4.001857e+01,-2.501686e+00
2.042793e+01,1.494167e+00,3.000977e+02,1.956816e+02,-1527,-1527,-6.054080e+02,6.054080e+02,0.000000e+00,-1.000674e+01,4.001857e+01,-2.501686e+00
2.054918e+01,1.494167e+00,3.000977e+02,1.956816e+02,-1527,-1527,-6.054080e+02,6.054080e+02,0.000000e+00,-1.000674e+01,4.001857e+01,-2.501686e+00
2.088572e+01,1.494167e+00,3.000977e+02,1.956816e+02,-1527,-1527,-6.054080e+02,6.054080e+02,0.000000e+00,-1.000674e+01,4.001857e+01,-2.501686e+00
2.099394e+01,1.494167e+00,3.000977e+02,1.956816e+02,-1527,-1527,-6.054080e+02,6.054080e+02,0.000000e+00,-1.000674e+01,4.001857e+01,-2.501686e+00
2.109767e+01,1.494167e+00,3.000977e+02,1.956816e+02,-1527,-1527,-6.054080e+02,6.054080e+02,0.000000e+00,-1.000674e+01,4.001857e+01,-2.501686e+00
2.121425e+01,1.494167e+00,3.000977e+02,1.956816e+02,-1527,-1527,-6.054080e+02,6.054080e+02,0.000000e+00,-1.000674e+01,4.001857e+01,-2.501686e+00
2.134340e+01,1.494167e+00,3.000977e+02,1.956816e+02,-1527,-1527,-6.054080e+02,6.054080e+02,0.000000e+00,-1.000674e+01,4.001857e+01,-2.501686e+00
2.144896e+01,1.494167e+00,3.000977e+02,1.956816e+02,-1527,-1527,-6.054080e+02,6.054080e+02,0.000000e+00,-1.000674e+01,4.001857e+01,-2.501686e+00
2.155457e+01,1.494167e+00,3.000977e+02,1.956816e+02,-1527,-1527,-6.054080e+02,6.054080e+02,0.000000e+00,-1.000674e+01,4.001857e+01,-2.501686e+00
2.169231e+01,1.494167e+00,3.000977e+02,1.956816e+02,-1527,-1527,-6.054080e+02,6.054080e+02,0.000000e+00,-1.000674e+01,4.001857e+01,-2.501686e+00
2.179516e+01,1.494167e+00,3.000977e+02,1.956816e+02,-1527,-1527,-6.054080e+02,6.054080e+02,0.000000e+00,-1.000674e+01,4.001857e+01,-2.501686e+00
2.193232e+01,1.494167e+00,3.000977e+02,1.956816e+02,-1527,-1527,-6.054080e+02,6.054080e+02,0.000000e+00,-1.000674e+01,4.001857e+01,-2.501686e+00
2.202429e+01,1.494167e+00,3.000977e+02,1.956816e+02,-1527,-1527,-6.054080e+02,6.054080e+02,0.000000e+00,-1.000674e+01,4.001857e+01,-2.501686e+00
2.216111e+01,1.494167e+00,3.000977e+02,1.956816e+02,-1527,-1527,-6.054080e+02,6.054080e+02,0.000000e+00,-1.000674e+01,4.001857e+01,-2.501686e+00
2.226858e+01,1.494167e+00,3.000977e+02,1.956816e+02,-1527,-1527,-6.054080e+02,6.054080e+02,0.000000e+00,-1.000674e+01,4.001857e+01,-2.501686e+00
2.240495e+01,1.494167e+00,3.000977e+02,1.956816e+02,-1527,-1527,-6.054080e+02,6.054080e+02,0.000000e+00,-1.000674e+01,4.001857e+01,-2.501686e+00
2.254016e+01,1.494167e+00,3.000977e+02,1.956816e+02,-1527,-1527,-6.054080e+02,6.054080e+02,0.000000e+00,-1.000674e+01,4.001857e+01,-2.501686e+00
2.263387e+01,1.494167e+00,3.000977e+02,1.956816e+02,-1527,-1527,-6.054080e+02,6.054080e+02,0.000000e+00,-1.000674e+01,4.001857e+01,-2.501686e+00
2.275396e+01,1.494167e+00,3.000977e+02,1.956816e+02,-1527,-1527,-6.054080e+02,6.054080e+02,0.000000e+00,-1.000674e+01,4.001857e+01,-2.501686e+00
2.285755e+01,1.494167e+00,3.000977e+02,1.956816e+02,-1527,-1527,-6.054080e+02,6.054080e+02,0.000000e+00,-1.000674e+01,4.001857e+01,-2.501686e+00
2.297959e+01,1.494167e+00,3.000977e+02,1.956816e+02,-1527,-1527,-6.054080e+02,6.054080e+02,0.000000e+00,-1.000674e+01,4.001857e+01,-2.501686e+00
2.308598e+01,1.494167e+00,3.000977e+02,1.956816e+02,-1527,-1527,-6.054080e+02,6.054080e+02,0.000000e+00,-1.000674e+01,4.001857e+01,-2.501686e+00
2.324036e+01,1.494167e+00,3.000977e+02,1.956816e+02,-1527,-1527,-6.054080e+02,6.054080e+02,0.000000e+00,-1.000674e+01,4.001857e+01,-2.501686e+00
2.336352e+01,1.494167e+00,3.000977e+02,1.956816e+02,-1527,-1527,-6.054080e+02,6.054080e+02,0.000000e+00,-1.000674e+01,4.001857e+01,-2.501686e+00
2.347961e+01,1.494167e+00,3.000977e+02,1.956816e+02,-1527,-1527,-6.054080e+02,6.054080e+02,0.000000e+00,-1.000674e+01,4.001857e+01,-2.501686e+00
2.362988e+01,1.494167e+00,3.000977e+02,1.956816e+02,-1527,-1527,-6.054080e+02,6.054080e+02,0.000000e+00,-1.000674e+01,4.001857e+01,-2.501686e+00
2.373691e+01,1.494167e+00,3.000977e+02,1.956816e+02,-1527,-1527,-6.054080e+02,6.054080e+02,0.000000e+00,-1.000674e+01,4.001857e+01,-2.501686e+00
2.385741e+01,1.494167e+00,3.000977e+02,1.956816e+02,-1527,-1527,-6.054080e+02,6.054080e+02,0.000000e+00,-1.000674e+01,4.001857e+01,-2.501686e+00
2.395103e+01,1.494167e+00,3.000977e+02,1.956816e+02,-1527,-1527,-6.054080e+02,6.054080e+02,0.000000e+00,-1.000674e+01,4.001857e+01,-2.501686e+00
2.405751e+01,1.494167e+00,3.000977e+02,1.956816e+02,-1527,-1527,-6.054080e+02,6.054080e+02,0.000000e+00,-1.000674e+01,4.001857e+01,-2.501686e+00
2.414933e+01,1.494167e+00,3.000977e+02,1.956816e+02,-1527,-1527,-6.054080e+02,6.054080e+02,0.000000e+00,-1.000674e+01,4.001857e+01,-2.501686e+00
2.425715e+01,1.494167e+00,3.000977e+02,1.956816e+02,-1527,-1527,-6.054080e+02,6.054080e+02,0.000000e+00,-1.000674e+01,4.001857e+01,-2.501686e+00
2.434973e+01,1.494167e+00,3.000977e+02,1.956816e+02,-1527,-1527,-6.054080e+02,6.054080e+02,0.000000e+00,-1.000674e+01,4.001857e+01,-2.501686e+00
2.447163e+01,1.494167e+00,3.000977e+02,1.956816e+02,-1527,-1527,-6.054080e+02,6.054080e+02,0.000000e+00,-1.000674e+01,4.001857e+01,-2.501686e+00
2.456659e+01,1.494167e+00,3.000977e+02,1.956816e+02,-1527,-1527,-6.054080e+02,6.054080e+02,0.000000e+00,-1.000674e+01,4.001857e+01,-2.501686e+00
2.468915e+01,1.494167e+00,3.000977e+02,1.956816e+02,2952,2952,2.904233e+02,-2.904233e+02,0.000000e+00,4.800386e+00,3.903713e+01,1.200096e+00
2.479703e+01,1.494167e+00,3.000977e+02,1.956816e+02,-1527,-1527,-6.054080e+02,6.054080e+02,0.000000e+00,-1.000674e+01,4.001857e+01,-2.501686e+00
2.491982e+01,1.494167e+00,3.000977e+02,1.956816e+02,2952,2952,2.904233e+02,-2.904233e+02,0.000000e+00,4.800386e+00,3.903713e+01,1.200096e+00
2.502700e+01,1.494167e+00,3.000977e+02,1.956816e+02,-1527,-1527,-6.054080e+02,6.054080e+02,0.000000e+00,-1.000674e+01,4.001857e+01,-2.501686e+00
2.514707e+01,1.494167e+00,3.000977e+02,1.956816e+02,-1527,-1527,-6.054080e+02,6.054080e+02,0.000000e+00,-1.000674e+01,4.001857e+01,-2.501686e+00
2.526034e+01,1.494167e+00,3.000977e+02,1.956816e+02,-1527,-1527,-6.054080e+02,6.054080e+02,0.000000e+00,-1.000674e+01,4.001857e+01,-2.501686e+00
2.539310e+01,1.494167e+00,3.000977e+02,1.956816e+02,-1527,-1527,-6.054080e+02,6.054080e+02,0.000000e+00,-1.000674e+01,4.001857e+01,-2.501686e+00
2.550305e+01,1.494167e+00,3.000977e+02,1.956816e+02,2952,2952,2.904233e+02,-2.904233e+02,0.000000e+00,4.800386e+00,3.903713e+01,1.200096e+00
2.562231e+01,1.494167e+00,3.000977e+02,1.956816e+02,2952,2952,2.904233e+02,-2.904233e+02,0.000000e+00,4.800386e+00,3.903713e+01,1.200096e+00
2.576221e+01,1.494167e+00,3.000977e+02,1.956816e+02,-1527,-1527,-6.054080e+02,6.054080e+02,0.000000e+00,-1.000674e+01,4.001857e+01,-2.501686e+00
2.585207e+01,1.494167e+00,3.000977e+02,1.956816e+02,-1527,-1527,-6.054080e+02,6.054080e+02,0.000000e+00,-1.000674e+01,4.001857e+01,-2.501686e+00
2.597509e+01,1.494167e+00,3.000977e+02,1.956816e+02,-1527,-1527,-6.054080e+02,6.054080e+02,0.000000e+00,-1.000674e+01,4.001857e+01,-2.501686e+00
2.606764e+01,1.494167e+00,3.000977e+02,1.956816e+02,-1527,-1527,-6.054080e+02,6.054080e+02,0.000000e+00,-1.000674e+01,4.001857e+01,-2.501686e+00
2.620401e+01,1.494167e+00,3.000977e+02,1.956816e+02,-1527,-1527,-6.054080e+02,6.054080e+02,0.000000e+00,-1.000674e+01,4.001857e+01,-2.501686e+00
2.629672e+01,1.494167e+00,3.000977e+02,1.956816e+02,-1527,-1527,-6.054080e+02,6.054080e+02,0.000000e+00,-1.000674e+01,4.001857e+01,-2.501686e+00
2.641768e+01,1.494167e+00,3.000977e+02,1.956816e+02,-1527,-1527,-6.054080e+02,6.054080e+02,0.000000e+00,-1.000674e+01,4.001857e+01,-2.501686e+00
2.650888e+01,1.494167e+00,3.000977e+02,1.956816e+02,-1527,-1527,-6.054080e+02,6.054080e+02,0.000000e+00,-1.000674e+01,4.001857e+01,-2.501686e+00
2.664343e+01,1.494167e+00,3.000977e+02,1.956816e+02,-1527,-1527,-6.054080e+02,6.054080e+02,0.000000e+00,-1.000674e+01,4.001857e+01,-2.501686e+00
2.673895e+01,1.494167e+00,3.000977e+02,1.956816e+02,-1527,-1527,-6.054080e+02,6.054080e+02,0.000000e+00,-1.000674e+01,4.001857e+01,-2.501686e+00
2.684221e+01,1.494167e+00,3.000977e+02,1.956816e+02,-1527,-1527,-6.054080e+02,6.054080e+02,0.000000e+00,-1.000674e+01,4.001857e+01,-2.501686e+00
2.693374e+01,1.494167e+00,3.000977e+02,1.956816e+02,-1527,-1527,-6.054080e+02,6.054080e+02,0.000000e+00,-1.000674e+01,4.001857e+01,-2.501686e+00
2.707095e+01,1.494167e+00,3.000977e+02,1.956816e+02,-1527,-1527,-6.054080e+02,6.054080e+02,0.000000e+00,-1.000674e+01,4.001857e+01,-2.501686e+00
2.716362e+01,1.494167e+00,3.000977e+02,1.956816e+02,-1527,-1527,-6.054080e+02,6.054080e+02,0.000000e+00,-1.000674e+01,4.001857e+01,-2.501686e+00
2.728338e+01,1.494167e+00,3.000977e+02,1.956816e+02,-1527,-1527,-6.054080e+02,6.054080e+02,0.000000e+00,-1.000674e+01,4.001857e+01,-2.501686e+00
2.737461e+01,1.494167e+00,3.000977e+02,1.956816e+02,-1527,-1527,-6.054080e+02,6.054080e+02,0.000000e+00,-1.000674e+01,4.001857e+01,-2.501686e+00
2.751033e+01,1.494167e+00,3.000977e+02,1.956816e+02,-1527,-1527,-6.054080e+02,6.054080e+02,0.000000e+00,-1.000674e+01,4.001857e+01,-2.501686e+00
2.761901e+01,1.494167e+00,3.000977e+02,1.956816e+02,-1527,-1527,-6.054080e+02,6.054080e+02,0.000000e+00,-1.000674e+01,4.001857e+01,-2.501686e+00
2.771122e+01,1.494167e+00,3.000977e+02,1.956816e+02,-1527,-1527,-6.054080e+02,6.054080e+02,0.000000e+00,-1.000674e+01,4.001857e+01,-2.501686e+00
2.780346e+01,1.494167e+00,3.000977e+02,1.956816e+02,-1527,-1527,-6.054080e+02,6.054080e+02,0.000000e+00,-1.000674e+01,4.001857e+01,-2.501686e+00
2.792405e+01,1.494167e+00,3.000977e+02,1.956816e+02,-1527,-1527,-6.054080e+02,6.054080e+02,0.000000e+00,-1.000674e+01,4.001857e+01,-2.501686e+00
2.801509e+01,1.494167e+00,3.000977e+02,1.956816e+02,-1527,-1527,-6.054080e+02,6.054080e+02,0.000000e+00,-1.000674e+01,4.001857e+01,-2.501686e+00
2.813564e+01,1.494167e+00,3.000977e+02,1.956816e+02,-1527,-1527,-6.054080e+02,6.054080e+02,0.000000e+00,-1.000674e+01,4.001857e+01,-2.501686e+00
2.822869e+01,1.494167e+00,3.000977e+02,1.956816e+02,-1527,-1527,-6.054080e+02,6.054080e+02,0.000000e+00,-1.000674e+01,4.001857e+01,-2.501686e+00
2.836601e+01,1.494167e+00,3.000977e+02,1.956816e+02,-1527,-1527,-6.054080e+02,6.054080e+02,0.000000e+00,-1.000674e+01,4.001857e+01,-2.501686e+00
2.847853e+01,1.494167e+00,3.000977e+02,1.956816e+02,-1527,-1527,-6.054080e+02,6.054080e+02,0.000000e+00,-1.000674e+01,4.001857e+01,-2.501686e+00
2.856399e+01,1.494167e+00,3.000977e+02,1.956816e+02,-1527,-1527,-6.054080e+02,6.054080e+02,0.000000e+00,-1.000674e+01,4.001857e+01,-2.501686e+00
2.865547e+01,1.494167e+00,3.000977e+02,1.956816e+02,-1527,-1527,-6.054080e+02,6.054080e+02,0.000000e+00,-1.000674e+01,4.001857e+01,-2.501686e+00
2.877387e+01,1.494167e+00,3.000977e+02,1.956816e+02,-1527,-1527,-6.054080e+02,6.054080e+02,0.000000e+00,-1.000674e+01,4.001857e+01,-2.501686e+00
2.889964e+01,1.494167e+00,3.000977e+02,1.956816e+02,-1527,-1527,-6.054080e+02,6.054080e+02,0.000000e+00,-1.000674e+01,4.001857e+01,-2.501686e+00
2.903297e+01,1.494167e+00,3.000977e+02,1.956816e+02,-1527,-1527,-6.054080e+02,6.054080e+02,0.000000e+00,-1.000674e+01,4.001857e+01,-2.501686e+00
2.916919e+01,1.494167e+00,3.000977e+02,1.956816e+02,-1527,-1527,-6.054080e+02,6.054080e+02,0.000000e+00,-1.000674e+01,4.001857e+01,-2.501686e+00
2.925850e+01,1.494167e+00,3.000977e+02,1.956816e+02,-1527,-1527,-6.054080e+02,6.054080e+02,0.000000e+00,-1.000674e+01,4.001857e+01,-2.501686e+00
2.938035e+01,1.494167e+00,3.000977e+02,1.956816e+02,2952,2952,2.904233e+02,-2.904233e+02,0.000000e+00,4.800386e+00,3.903713e+01,1.200096e+00
2.947247e+01,1.494167e+00,3.000977e+02,1.956816e+02,-1527,-1527,-6.054080e+02,6.054080e+02,0.000000e+00,-1.000674e+01,4.001857e+01,-2.501686e+00
2.960720e+01,1.494167e+00,3.000977e+02,1.956816e+02,-1527,-1527,-6.054080e+02,6.054080e+02,0.000000e+00,-1.000674e+01,4.001857e+01,-2.501686e+00
2.969866e+01,1.494167e+00,3.000977e+02,1.956816e+02,-1527,-1527,-6.054080e+02,6.054080e+02,0.000000e+00,-1.000674e+01,4.001857e+01,-2.501686e+00
2.982229e+01,1.494167e+00,3.000977e+02,1.956816e+02,-1527,-1527,-6.054080e+02,6.054080e+02,0.000000e+00,-1.000674e+01,4.001857e+01,-2.501686e+00
2.991492e+01,1.494167e+00,3.000977e+02,1.956816e+02,2952,2952,2.904233e+02,-2.904233e+02,0.000000e+00,4.800386e+00,3.903713e+01,1.200096e+00
3.003790e+01,1.494167e+00,3.000977e+02,1.956816e+02,-1527,-1527,-6.054080e+02,6.054080e+02,0.000000e+00,-1.000674e+01,4.001857e+01,-2.501686e+00
3.012889e+01,1.494167e+00,3.000977e+02,1.956816e+02,-1527,-1527,-6.054080e+02,6.054080e+02,0.000000e+00,-1.000674e+01,4.001857e+01,-2.501686e+00
3.025462e+01,1.494167e+00,3.000977e+02,1.956816e+02,2952,2952,2.904233e+02,-2.904233e+02,0.000000e+00,4.800386e+00,3.903713e+01,1.200096e+00
3.034910e+01,1.494167e+00,3.000977e+02,1.956816e+02,2952,2952,2.904233e+02,-2.904233e+02,0.000000e+00,4.800386e+00,3.903713e+01,1.200096e+00
3.048911e+01,1.494167e+00,3.000977e+02,1.956816e+02,-1527,-1527,-6.054080e+02,6.054080e+02,0.000000e+00,-1.000674e+01,4.001857e+01,-2.501686e+00
3.058136e+01,1.494167e+00,3.000977e+02,1.956816e+02,-1527,-1527,-6.054080e+02,6.054080e+02,0.000000e+00,-1.000674e+01,4.001857e+01,-2.501686e+00
3.070363e+01,1.494167e+00,3.000977e+02,1.956816e+02,-1527,-1527,-6.054080e+02,6.054080e+02,0.000000e+00,-1.000674e+01,4.001857e+01,-2.501686e+00
3.079944e+01,1.494167e+00,3.000977e+02,1.956816e+02,-1527,-1527,-6.054080e+02,6.054080e+02,0.000000e+00,-1.000674e+01,4.001857e+01,-2.501686e+00
3.093707e+01,1.494167e+00,3.000977e+02,1.956816e+02,-1527,-1527,-6.054080e+02,6.054080e+02,0.000000e+00,-1.000674e+01,4.001857e+01,-2.501686e+00
3.107389e+01,1.494167e+00,3.000977e+02,1.956816e+02,-1527,-1527,-6.054080e+02,6.054080e+02,0.000000e+00,-1.000674e+01,4.001857e+01,-2.501686e+00
3.118175e+01,1.494167e+00,3.000977e+02,1.956816e+02,-1527,-1527,-6.054080e+02,6.054080e+02,0.000000e+00,-1.000674e+01,4.001857e+01,-2.501686e+00
3.133589e+01,1.494167e+00,3.000977e+02,1.956816e+02,-1527,-1527,-6.054080e+02,6.054080e+02,0.000000e+00,-1.000674e+01,4.001857e+01,-2.501686e+00
3.146319e+01,1.494167e+00,3.000977e+02,1.956816e+02,-1527,-1527,-6.054080e+02,6.054080e+02,0.000000e+00,-1.000674e+01,4.001857e+01,-2.501686e+00
3.158080e+01,1.494167e+00,3.000977e+02,1.956816e+02,-1527,-1527,-6.054080e+02,6.054080e+02,0.000000e+00,-1.000674e+01,4.001857e+01,-2.501686e+00
3.175055e+01,1.494167e+00,3.000977e+02,1.956816e+02,-1527,-1527,-6.054080e+02,6.054080e+02,0.000000e+00,-1.000674e+01,4.001857e+01,-2.501686e+00
3.185388e+01,1.494167e+00,3.000977e+02,1.956816e+02,-1527,-1527,-6.054080e+02,6.054080e+02,0.000000e+00,-1.000674e+01,4.001857e+01,-2.501686e+00
3.199393e+01,1.494167e+00,3.000977e+02,1.956816e+02,-1527,-1527,-6.054080e+02,6.054080e+02,0.000000e+00,-1.000674e+01,4.001857e+01,-2.501686e+00
3.213140e+01,1.494167e+00,3.000977e+02,1.956816e+02,-1527,-1527,-6.054080e+02,6.054080e+02,0.000000e+00,-1.000674e+01,4.001857e+01,-2.501686e+00
3.224913e+01,1.494167e+00,3.000977e+02,1.956816e+02,-1527,-1527,-6.054080e+02,6.054080e+02,0.000000e+00,-1.000674e+01,4.001857e+01,-2.501686e+00
3.240142e+01,1.494167e+00,3.000977e+02,1.956816e+02,-1527,-1527,-6.054080e+02,6.054080e+02,0.000000e+00,-1.000674e+01,4.001857e+01,-2.501686e+00
3.252882e+01,1.494167e+00,3.000977e+02,1.956816e+02,-1527,-1527,-6.054080e+02,6.054080e+02,0.000000e+00,-1.000674e+01,4.001857e+01,-2.501686e+00
3.268002e+01,1.494167e+00,3.000977e+02,1.956816e+02,-1527,-1527,-6.054080e+02,6.054080e+02,0.000000e+00,-1.000674e+01,4.001857e+01,-2.501686e+00
3.283293e+01,1.494167e+00,3.000977e+02,1.956816e+02,-1527,-1527,-6.054080e+02,6.054080e+02,0.000000e+00,-1.000674e+01,4.001857e+01,-2.501686e+00
3.307818e+01,1.494167e+00,3.000977e+02,1.956816e+02,-1527,-1527,-6.054080e+02,6.054080e+02,0.000000e+00,-1.000674e+01,4.001857e+01,-2.501686e+00
3.319143e+01,1.494167e+00,3.000977e+02,1.956816e+02,-1527,-1527,-6.054080e+02,6.054080e+02,0.000000e+00,-1.000674e+01,4.001857e+01,-2.501686e+00
3.330751e+01,1.494167e+00,3.000977e+02,1.956816e+02,-1527,-1527,-6.054080e+02,6.054080e+02,0.000000e+00,-1.000674e+01,4.001857e+01,-2.501686e+00
3.341707e+01,1.494167e+00,3.000977e+02,1.956816e+02,-1527,-1527,-6.054080e+02,6.054080e+02,0.000000e+00,-1.000674e+01,4.001857e+01,-2.501686e+00
3.351914e+01,1.494167e+00,3.000977e+02,1.956816e+02,-1527,-1527,-6.054080e+02,6.054080e+02,0.000000e+00,-1.000674e+01,4.001857e+01,-2.501686e+00
3.361251e+01,1.494167e+00,3.000977e+02,1.956816e+02,-1527,-1527,-6.054080e+02,6.054080e+02,0.000000e+00,-1.000674e+01,4.001857e+01,-2.501686e+00
3.373495e+01,1.494167e+00,3.000977e+02,1.956816e+02,-1527,-1527,-6.054080e+02,6.054080e+02,0.000000e+00,-1.000674e+01,4.001857e+01,-2.501686e+00
3.382930e+01,1.494167e+00,3.000977e+02,1.956816e+02,-1527,-1527,-6.054080e+02,6.054080e+02,0.000000e+00,-1.000674e+01,4.001857e+01,-2.501686e+00
3.393627e+01,1.494167e+00,3.000977e+02,1.956816e+02,-1527,-1527,-6.054080e+02,6.054080e+02,0.000000e+00,-1.000674e+01,4.001857e+01,-2.501686e+00
3.404321e+01,1.494167e+00,3.000977e+02,1.956816e+02,-1527,-1527,-6.054080e+02,6.054080e+02,0.000000e+00,-1.000674e+01,4.001857e+01,-2.501686e+00
3.414958e+01,1.494167e+00,3.000977e+02,1.956816e+02,-1527,-1527,-6.054080e+02,6.054080e+02,0.000000e+00,-1.000674e+01,4.001857e+01,-2.501686e+00
3.424049e+01,1.494167e+00,3.000977e+02,1.956816e+02,-1527,-1527,-6.054080e+02,6.054080e+02,0.000000e+00,-1.000674e+01,4.001857e+01,-2.501686e+00
3.436304e+01,1.494167e+00,3.000977e+02,1.956816e+02,-1527,-1527,-6.054080e+02,6.054080e+02,0.000000e+00,-1.000674e+01,4.001857e+01,-2.501686e+00
3.445679e+01,1.494167e+00,3.000977e+02,1.956816e+02,-1527,-1527,-6.054080e+02,6.054080e+02,0.000000e+00,-1.000674e+01,4.001857e+01,-2.501686e+00
3.456292e+01,1.494167e+00,3.000977e+02,1.956816e+02,2952,2952,2.904233e+02,-2.904233e+02,0.000000e+00,4.800386e+00,3.903713e+01,1.200096e+00
3.467090e+01,1.494167e+00,3.000977e+02,1.956816e+02,-1527,-1527,-6.054080e+02,6.054080e+02,0.000000e+00,-1.000674e+01,4.001857e+01,-2.501686e+00
3.477672e+01,1.494167e+00,3.000977e+02,1.956816e+02,2952,2952,2.904233e+02,-2.904233e+02,0.000000e+00,4.800386e+00,3.903713e+01,1.200096e+00
3.488672e+01,1.494167e+00,3.000977e+02,1.956816e+02,-1527,-1527,-6.054080e+02,6.054080e+02,0.000000e+00,-1.000674e+01,4.001857e+01,-2.501686e+00
3.500727e+01,1.494167e+00,3.000977e+02,1.956816e+02,-1527,-1527,-6.054080e+02,6.054080e+02,0.000000e+00,-1.000674e+01,4.001857e+01,-2.501686e+00
3.513017e+01,1.494167e+00,3.000977e+02,1.956816e+02,-1527,-1527,-6.054080e+02,6.054080e+02,0.000000e+00,-1.000674e+01,4.001857e+01,-2.501686e+00
3.524834e+01,1.494167e+00,3.000977e+02,1.956816e+02,-1527,-1527,-6.054080e+02,6.054080e+02,0.000000e+00,-1.000674e+01,4.001857e+01,-2.501686e+00
3.534331e+01,1.494167e+00,3.000977e+02,1.956816e+02,-1527,-1527,-6.054080e+02,6.054080e+02,0.000000e+00,-1.000674e+01,4.001857e+01,-2.501686e+00
3.544864e+01,1.494167e+00,3.000977e+02,1.956816e+02,-1527,-1527,-6.054080e+02,6.054080e+02,0.000000e+00,-1.000674e+01,4.001857e+01,-2.501686e+00
3.554271e+01,1.494167e+00,3.000977e+02,1.956816e+02,-1527,-1527,-6.054080e+02,6.054080e+02,0.000000e+00,-1.000674e+01,4.001857e+01,-2.501686e+00
3.565042e+01,1.494167e+00,3.000977e+02,1.956816e+02,-1527,-1527,-6.054080e+02,6.054080e+02,0.000000e+00,-1.000674e+01,4.001857e+01,-2.501686e+00
3.575659e+01,1.494167e+00,3.000977e+02,1.956816e+02,-1527,-1527,-6.054080e+02,6.054080e+02,0.000000e+00,-1.000674e+01,4.001857e+01,-2.501686e+00
3.586400e+01,1.494167e+00,3.000977e+02,1.956816e+02,-1527,-1527,-6.054080e+02,6.054080e+02,0.000000e+00,-1.000674e+01,4.001857e+01,-2.501686e+00
3.595755e+01,1.494167e+00,3.000977e+02,1.956816e+02,-1527,-1527,-6.054080e+02,6.054080e+02,0.000000e+00,-1.000674e+01,4.001857e+01,-2.501686e+00
3.606503e+01,1.494167e+00,3.000977e+02,1.956816e+02,-1527,-1527,-6.054080e+02,6.054080e+02,0.000000e+00,-1.000674e+01,4.001857e+01,-2.501686e+00
3.619290e+01,1.494167e+00,3.000977e+02,1.956816e+02,-1527,-1527,-6.054080e+02,6.054080e+02,0.000000e+00,-1.000674e+01,4.001857e+01,-2.501686e+00
3.630946e+01,1.494167e+00,3.000977e+02,1.956816e+02,-1527,-1527,-6.054080e+02,6.054080e+02,0.000000e+00,-1.000674e+01,4.001857e+01,-2.501686e+00
3.647890e+01,1.494167e+00,3.000977e+02,1.956816e+02,-1527,-1527,-6.054080e+02,6.054080e+02,0.000000e+00,-1.000674e+01,4.001857e+01,-2.501686e+00
3.657080e+01,1.494167e+00,3.000977e+02,1.956816e+02,-1527,-1527,-6.054080e+02,6.054080e+02,0.000000e+00,-1.000674e+01,4.001857e+01,-2.501686e+00
3.672374e+01,1.494167e+00,3.000977e+02,1.956816e+02,-1527,-1527,-6.054080e+02,6.054080e+02,0.000000e+00,-1.000674e+01,4.001857e+01,-2.501686e+00
3.683143e+01,1.494167e+00,3.000977e+02,1.956816e+02,-1527,-1527,-6.054080e+02,6.054080e+02,0.000000e+00,-1.000674e+01,4.001857e+01,-2.501686e+00
3.695279e+01,1.494167e+00,3.000977e+02,1.956816e+02,-1527,-1527,-6.054080e+02,6.054080e+02,0.000000e+00,-1.000674e+01,4.001857e+01,-2.501686e+00
3.704730e+01,1.494167e+00,3.000977e+02,1.956816e+02,-1527,-1527,-6.054080e+02,6.054080e+02,0.000000e+00,-1.000674e+01,4.001857e+01,-2.501686e+00
3.718241e+01,1.494167e+00,3.000977e+02,1.956816e+02,-1527,-1527,-6.054080e+02,6.054080e+02,0.000000e+00,-1.000674e+01,4.001857e+01,-2.501686e+00
3.729319e+01,1.494167e+00,3.000977e+02,1.956816e+02,-1527,-1527,-6.054080e+02,6.054080e+02,0.000000e+00,-1.000674e+01,4.001857e+01,-2.501686e+00
3.739575e+01,1.494167e+00,3.000977e+02,1.956816e+02,-1527,-1527,-6.054080e+02,6.054080e+02,0.000000e+00,-1.000674e+01,4.001857e+01,-2.501686e+00
3.751974e+01,1.494167e+00,3.000977e+02,1.956816e+02,-1527,-1527,-6.054080e+02,6.054080e+02,0.000000e+00,-1.000674e+01,4.001857e+01,-2.501686e+00
3.761100e+01,1.494167e+00,3.000977e+02,1.956816e+02,-1527,-1527,-6.054080e+02,6.054080e+02,0.000000e+00,-1.000674e+01,4.001857e+01,-2.501686e+00
3.772654e+01,1.494167e+00,3.000977e+02,1.956816e+02,-1527,-1527,-6.054080e+02,6.054080e+02,0.000000e+00,-1.000674e+01,4.001857e+01,-2.501686e+00
3.783872e+01,1.494167e+00,3.000977e+02,1.956816e+02,-1527,-1527,-6.054080e+02,6.054080e+02,0.000000e+00,-1.000674e+01,4.001857e+01,-2.501686e+00
3.795962e+01,1.494167e+00,3.000977e+02,1.956816e+02,-1527,-1527,-6.054080e+02,6.054080e+02,0.000000e+00,-1.000674e+01,4.001857e+01,-2.501686e+00
3.806738e+01,1.494167e+00,3.000977e+02,1.956816e+02,-1527,-1527,-6.054080e+02,6.054080e+02,0.000000e+00,-1.000674e+01,4.001857e+01,-2.501686e+00
3.821875e+01,1.494167e+00,3.000977e+02,1.956816e+02,-1527,-1527,-6.054080e+02,6.054080e+02,0.000000e+00,-1.000674e+01,4.001857e+01,-2.501686e+00
3.830982e+01,1.494167e+00,3.000977e+02,1.956816e+02,-1527,-1527,-6.054080e+02,6.054080e+02,0.000000e+00,-1.000674e+01,4.001857e+01,-2.501686e+00
3.841416e+01,1.494167e+00,3.000977e+02,1.956816e+02,2952,2952,2.904233e+02,-2.904233e+02,0.000000e+00,4.800386e+00,3.903713e+01,1.200096e+00
3.850733e+01,1.494167e+00,3.000977e+02,1.956816e+02,2952,2952,2.904233e+02,-2.904233e+02,0.000000e+00,4.800386e+00,3.903713e+01,1.200096e+00
3.862865e+01,1.494167e+00,3.000977e+02,1.956816e+02,-1527,-1527,-6.054080e+02,6.054080e+02,0.000000e+00,-1.000674e+01,4.001857e+01,-2.501686e+00
3.872469e+01,1.494167e+00,3.000977e+02,1.956816e+02,-1527,-1527,-6.054080e+02,6.054080e+02,0.000000e+00,-1.000674e+01,4.001857e+01,-2.501686e+00
3.884246e+01,1.494167e+00,3.000977e+02,1.956816e+02,2952,2952,2.904233e+02,-2.904233e+02,0.000000e+00,4.800386e+00,3.903713e+01,1.200096e+00
3.893528e+01,1.494167e+00,3.000977e+02,1.956816e+02,-1527,-1527,-6.054080e+02,6.054080e+02,0.000000e+00,-1.000674e+01,4.001857e+01,-2.501686e+00
3.907628e+01,1.494167e+00,3.000977e+02,1.956816e+02,-1527,-1527,-6.054080e+02,6.054080e+02,0.000000e+00,-1.000674e+01,4.001857e+01,-2.501686e+00
3.916774e+01,1.494167e+00,3.000977e+02,1.956816e+02,-1527,-1527,-6.054080e+02,6.054080e+02,0.000000e+00,-1.000674e+01,4.001857e+01,-2.501686e+00
3.929191e+01,1.494167e+00,3.000977e+02,1.956816e+02,-1527,-1527,-6.054080e+02,6.054080e+02,0.000000e+00,-1.000674e+01,4.001857e+01,-2.501686e+00
3.938526e+01,1.494167e+00,3.000977e+02,1.956816e+02,-1527,-1527,-6.054080e+02,6.054080e+02,0.000000e+00,-1.000674e+01,4.001857e+01,-2.501686e+00
3.950600e+01,1.494167e+00,3.000977e+02,1.956816e+02,-1527,-1527,-6.054080e+02,6.054080e+02,0.000000e+00,-1.000674e+01,4.001857e+01,-2.501686e+00
3.959968e+01,1.494167e+00,3.000977e+02,1.956816e+02,-1527,-1527,-6.054080e+02,6.054080e+02,0.000000e+00,-1.000674e+01,4.001857e+01,-2.501686e+00
3.970373e+01,1.494167e+00,3.000977e+02,1.956816e+02,-1527,-1527,-6.054080e+02,6.054080e+02,0.000000e+00,-1.000674e+01,4.001857e+01,-2.501686e+00
3.979513e+01,1.494167e+00,3.000977e+02,1.956816e+02,-1527,-1527,-6.054080e+02,6.054080e+02,0.000000e+00,-1.000674e+01,4.001857e+01,-2.501686e+00
3.991741e+01,1.494167e+00,3.000977e+02,1.956816e+02,-1527,-1527,-6.054080e+02,6.054080e+02,0.000000e+00,-1.000674e+01,4.001857e+01,-2.501686e+00
4.000684e+01,1.494167e+00,3.000977e+02,1.956816e+02,-1527,-1527,-6.054080e+02,6.054080e+02,0.000000e+00,-1.000674e+01,4.001857e+01,-2.501686e+00
4.014373e+01,1.494167e+00,3.000977e+02,1.956816e+02,-1527,-1527,-6.054080e+02,6.054080e+02,0.000000e+00,-1.000674e+01,4.001857e+01,-2.501686e+00
4.023560e+01,1.494167e+00,3.000977e+02,1.956816e+02,-1527,-1527,-6.054080e+02,6.054080e+02,0.000000e+00,-1.000674e+01,4.001857e+01,-2.501686e+00
4.043609e+01,1.494167e+00,3.000977e+02,1.956816e+02,-1527,-1527,-6.054080e+02,6.054080e+02,0.000000e+00,-1.000674e+01,4.001857e+01,-2.501686e+00
4.057232e+01,1.494167e+00,3.000977e+02,1.956816e+02,-1527,-1527,-6.054080e+02,6.054080e+02,0.000000e+00,-1.000674e+01,4.001857e+01,-2.501686e+00
4.071687e+01,1.494167e+00,3.000977e+02,1.956816e+02,-1527,-1527,-6.054080e+02,6.054080e+02,0.000000e+00,-1.000674e+01,4.001857e+01,-2.501686e+00
4.083633e+01,1.494167e+00,3.000977e+02,1.956816e+02,-1527,-1527,-6.054080e+02,6.054080e+02,0.000000e+00,-1.000674e+01,4.001857e+01,-2.501686e+00
4.093519e+01,1.494167e+00,3.000977e+02,1.956816e+02,-1527,-1527,-6.054080e+02,6.054080e+02,0.000000e+00,-1.000674e+01,4.001857e+01,-2.501686e+00
4.104684e+01,1.494167e+00,3.000977e+02,1.956816e+02,-1527,-1527,-6.054080e+02,6.054080e+02,0.000000e+00,-1.000674e+01,4.001857e+01,-2.501686e+00
4.117468e+01,1.494167e+00,3.000977e+02,1.956816e+02,-1527,-1527,-6.054080e+02,6.054080e+02,0.000000e+00,-1.000674e+01,4.001857e+01,-2.501686e+00
4.127597e+01,1.494167e+00,3.000977e+02,1.956816e+02,-1527,-1527,-6.054080e+02,6.054080e+02,0.000000e+00,-1.000674e+01,4.001857e+01,-2.501686e+00
4.147681e+01,1.494167e+00,3.000977e+02,1.956816e+02,-1527,-1527,-6.054080e+02,6.054080e+02,0.000000e+00,-1.000674e+01,4.001857e+01,-2.501686e+00
4.158755e+01,1.494167e+00,3.000977e+02,1.956816e+02,-1527,-1527,-6.054080e+02,6.054080e+02,0.000000e+00,-1.000674e+01,4.001857e+01,-2.501686e+00
4.170641e+01,1.494167e+00,3.000977e+02,1.956816e+02,-1527,-1527,-6.054080e+02,6.054080e+02,0.000000e+00,-1.000674e+01,4.001857e+01,-2.501686e+00
4.184601e+01,1.494167e+00,3.000977e+02,1.956816e+02,-1527,-1527,-6.054080e+02,6.054080e+02,0.000000e+00,-1.000674e+01,4.001857e+01,-2.501686e+00
4.195450e+01,1.494167e+00,3.000977e+02,1.956816e+02,-1527,-1527,-6.054080e+02,6.054080e+02,0.000000e+00,-1.000674e+01,4.001857e+01,-2.501686e+00
4.207388e+01,1.494167e+00,3.000977e+02,1.956816e+02,-1527,-1527,-6.054080e+02,6.054080e+02,0.000000e+00,-1.000674e+01,4.001857e+01,-2.501686e+00
4.218025e+01,1.494167e+00,3.000977e+02,1.956816e+02,-1527,-1527,-6.054080e+02,6.054080e+02,0.000000e+00,-1.000674e+01,4.001857e+01,-2.501686e+00
4.229037e+01,1.494167e+00,3.000977e+02,1.956816e+02,-1527,-1527,-6.054080e+02,6.054080e+02,0.000000e+00,-1.000674e+01,4.001857e+01,-2.501686e+00
4.238177e+01,1.494167e+00,3.000977e+02,1.956816e+02,-1527,-1527,-6.054080e+02,6.054080e+02,0.000000e+00,-1.000674e+01,4.001857e+01,-2.501686e+00
4.250346e+01,1.494167e+00,3.000977e+02,1.956816e+02,-1527,-1527,-6.054080e+02,6.054080e+02,0.000000e+00,-1.000674e+01,4.001857e+01,-2.501686e+00
4.264779e+01,1.494167e+00,3.000977e+02,1.956816e+02,-1527,-1527,-6.054080e+02,6.054080e+02,0.000000e+00,-1.000674e+01,4.001857e+01,-2.501686e+00
4.277776e+01,1.494167e+00,3.000977e+02,1.956816e+02,-1527,-1527,-6.054080e+02,6.054080e+02,0.000000e+00,-1.000674e+01,4.001857e+01,-2.501686e+00
4.290228e+01,1.494167e+00,3.000977e+02,1.956816e+02,-1527,-1527,-6.054080e+02,6.054080e+02,0.000000e+00,-1.000674e+01,4.001857e+01,-2.501686e+00
4.300801e+01,1.494167e+00,3.000977e+02,1.956816e+02,-1527,-1527,-6.054080e+02,6.054080e+02,0.000000e+00,-1.000674e+01,4.001857e+01,-2.501686e+00
4.312997e+01,1.494167e+00,3.000977e+02,1.956816e+02,2952,2952,2.904233e+02,-2.904233e+02,0.000000e+00,4.800386e+00,3.903713e+01,1.200096e+00
4.326928e+01,1.494167e+00,3.000977e+02,1.956816e+02,-1527,-1527,-6.054080e+02,6.054080e+02,0.000000e+00,-1.000674e+01,4.001857e+01,-2.501686e+00
4.338727e+01,1.494167e+00,3.000977e+02,1.956816e+02,-1527,-1527,-6.054080e+02,6.054080e+02,0.000000e+00,-1.000674e+01,4.001857e+01,-2.501686e+00
4.352669e+01,1.494167e+00,3.000977e+02,1.956816e+02,-1527,-1527,-6.054080e+02,6.054080e+02,0.000000e+00,-1.000674e+01,4.001857e+01,-2.501686e+00
4.361750e+01,1.494167e+00,3.000977e+02,1.956816e+02,-1527,-1527,-6.054080e+02,6.054080e+02,0.000000e+00,-1.000674e+01,4.001857e+01,-2.501686e+00
4.371324e+01,1.494167e+00,3.000977e+02,1.956816e+02,-1527,-1527,-6.054080e+02,6.054080e+02,0.000000e+00,-1.000674e+01,4.001857e+01,-2.501686e+00
4.380536e+01,1.494167e+00,3.000977e+02,1.956816e+02,-1527,-1527,-6.054080e+02,6.054080e+02,0.000000e+00,-1.000674e+01,4.001857e+01,-2.501686e+00
4.403937e+01,1.494167e+00,3.000977e+02,1.956816e+02,-1527,-1527,-6.054080e+02,6.054080e+02,0.000000e+00,-1.000674e+01,4.001857e+01,-2.501686e+00
4.420226e+01,1.494167e+00,3.000977e+02,1.956816e+02,-1527,-1527,-6.054080e+02,6.054080e+02,0.000000e+00,-1.000674e+01,4.001857e+01,-2.501686e+00
4.429255e+01,1.494167e+00,3.000977e+02,1.956816e+02,-1527,-1527,-6.054080e+02,6.054080e+02,0.000000e+00,-1.000674e+01,4.001857e+01,-2.501686e+00
4.440109e+01,1.494167e+00,3.000977e+02,1.956816e+02,-1527,-1527,-6.054080e+02,6.054080e+02,0.000000e+00,-1.000674e+01,4.001857e+01,-2.501686e+00
4.449319e+01,1.494167e+00,3.000977e+02,1.956816e+02,-1527,-1527,-6.054080e+02,6.054080e+02,0.000000e+00,-1.000674e+01,4.001857e+01,-2.501686e+00
4.460334e+01,1.494167e+00,3.000977e+02,1.956816e+02,-1527,-1527,-6.054080e+02,6.054080e+02,0.000000e+00,-1.000674e+01,4.001857e+01,-2.501686e+00
4.470640e+01,1.494167e+00,3.000977e+02,1.956816e+02,-1527,-1527,-6.054080e+02,6.054080e+02,0.000000e+00,-1.000674e+01,4.001857e+01,-2.501686e+00
4.480049e+01,1.494167e+00,3.000977e+02,1.956816e+02,-1527,-1527,-6.054080e+02,6.054080e+02,0.000000e+00,-1.000674e+01,4.001857e+01,-2.501686e+00
4.490627e+01,1.494167e+00,3.000977e+02,1.956816e+02,-1527,-1527,-6.054080e+02,6.054080e+02,0.000000e+00,-1.000674e+01,4.001857e+01,-2.501686e+00
4.501665e+01,1.494167e+00,3.000977e+02,1.956816e+02,-1527,-1527,-6.054080e+02,6.054080e+02,0.000000e+00,-1.000674e+01,4.001857e+01,-2.501686e+00
4.512117e+01,1.494167e+00,3.000977e+02,1.956816e+02,-1527,-1527,-6.054080e+02,6.054080e+02,0.000000e+00,-1.000674e+01,4.001857e+01,-2.501686e+00
4.522684e+01,1.494167e+00,3.000977e+02,1.956816e+02,-1527,-1527,-6.054080e+02,6.054080e+02,0.000000e+00,-1.000674e+01,4.001857e+01,-2.501686e+00
4.533375e+01,1.494167e+00,3.000977e+02,1.956816e+02,-1527,-1527,-6.054080e+02,6.054080e+02,0.000000e+00,-1.000674e+01,4.001857e+01,-2.501686e+00
4.544121e+01,1.494167e+00,3.000977e+02,1.956816e+02,-1527,-1527,-6.054080e+02,6.054080e+02,0.000000e+00,-1.000674e+01,4.001857e+01,-2.501686e+00
4.554669e+01,1.494167e+00,3.000977e+02,1.956816e+02,-1527,-1527,-6.054080e+02,6.054080e+02,0.000000e+00,-1.000674e+01,4.001857e+01,-2.501686e+00
4.564027e+01,1.494167e+00,3.000977e+02,1.956816e+02,-1527,-1527,-6.054080e+02,6.054080e+02,0.000000e+00,-1.000674e+01,4.001857e+01,-2.501686e+00
4.574717e+01,1.494167e+00,3.000977e+02,1.956816e+02,-1527,-1527,-6.054080e+02,6.054080e+02,0.000000e+00,-1.000674e+01,4.001857e+01,-2.501686e+00
4.585579e+01,1.494167e+00,3.000977e+02,1.956816e+02,-1527,-1527,-6.054080e+02,6.054080e+02,0.000000e+00,-1.000674e+01,4.001857e+01,-2.501686e+00
4.596287e+01,1.494167e+00,3.000977e+02,1.956816e+02,-1527,-1527,-6.054080e+02,6.054080e+02,0.000000e+00,-1.000674e+01,4.001857e+01,-2.501686e+00
4.607419e+01,1.494167e+00,3.000977e+02,1.956816e+02,-1527,-1527,-6.054080e+02,6.054080e+02,0.000000e+00,-1.000674e+01,4.001857e+01,-2.501686e+00
4.617788e+01,1.494167e+00,3.000977e+02,1.956816e+02,-1527,-1527,-6.054080e+02,6.054080e+02,0.000000e+00,-1.000674e+01,4.001857e+01,-2.501686e+00
4.628796e+01,1.494167e+00,3.000977e+02,1.956816e+02,-1527,-1527,-6.054080e+02,6.054080e+02,0.000000e+00,-1.000674e+01,4.001857e+01,-2.501686e+00
4.639420e+01,1.494167e+00,3.000977e+02,1.956816e+02,-1527,-1527,-6.054080e+02,6.054080e+02,0.000000e+00,-1.000674e+01,4.001857e+01,-2.501686e+00
4.650103e+01,1.494167e+00,3.000977e+02,1.956816e+02,-1527,-1527,-6.054080e+02,6.054080e+02,0.000000e+00,-1.000674e+01,4.001857e+01,-2.501686e+00
4.661167e+01,1.494167e+00,3.000977e+02,1.956816e+02,-1527,-1527,-6.054080e+02,6.054080e+02,0.000000e+00,-1.000674e+01,4.001857e+01,-2.501686e+00
4.679320e+01,1.494167e+00,3.000977e+02,1.956816e+02,-1527,-1527,-6.054080e+02,6.054080e+02,0.000000e+00,-1.000674e+01,4.001857e+01,-2.501686e+00
4.686873e+01,1.494167e+00,3.000977e+02,1.956816e+02,-1527,-1527,-6.054080e+02,6.054080e+02,0.000000e+00,-1.000674e+01,4.001857e+01,-2.501686e+00
4.697733e+01,1.494167e+00,3.000977e+02,1.956816e+02,-1527,-1527,-6.054080e+02,6.054080e+02,0.000000e+00,-1.000674e+01,4.001857e+01,-2.501686e+00
4.706799e+01,1.494167e+00,3.000977e+02,1.956816e+02,-1527,-1527,-6.054080e+02,6.054080e+02,0.000000e+00,-1.000674e+01,4.001857e+01,-2.501686e+00
4.716303e+01,1.494167e+00,3.000977e+02,1.956816e+02,-1527,-1527,-6.054080e+02,6.054080e+02,0.000000e+00,-1.000674e+01,4.001857e+01,-2.501686e+00
4.726777e+01,1.494167e+00,3.000977e+02,1.956816e+02,-1527,-1527,-6.054080e+02,6.054080e+02,0.000000e+00,-1.000674e+01,4.001857e+01,-2.501686e+00
4.737142e+01,1.494167e+00,3.000977e+02,1.956816e+02,-1527,-1527,-6.054080e+02,6.054080e+02,0.000000e+00,-1.000674e+01,4.001857e+01,-2.501686e+00
4.746396e+01,1.494167e+00,3.000977e+02,1.956816e+02,-1527,-1527,-6.054080e+02,6.054080e+02,0.000000e+00,-1.000674e+01,4.001857e+01,-2.501686e+00
4.753957e+01,1.494167e+00,3.000977e+02,1.956816e+02,-1527,-1527,-6.054080e+02,6.054080e+02,0.000000e+00,-1.000674e+01,4.001857e+01,-2.501686e+00
4.766389e+01,1.494167e+00,3.000977e+02,1.956816e+02,2952,2952,2.904233e+02,-2.904233e+02,0.000000e+00,4.800386e+00,3.903713e+01,1.200096e+00
4.775784e+01,1.494167e+00,3.000977e+02,1.956816e+02,-1527,-1527,-6.054080e+02,6.054080e+02,0.000000e+00,-1.000674e+01,4.001857e+01,-2.501686e+00
4.786385e+01,1.494167e+00,3.000977e+02,1.956816e+02,-1527,-1527,-6.054080e+02,6.054080e+02,0.000000e+00,-1.000674e+01,4.001857e+01,-2.501686e+00
4.795572e+01,1.494167e+00,3.000977e+02,1.956816e+02,-1527,-1527,-6.054080e+02,6.054080e+02,0.000000e+00,-1.000674e+01,4.001857e+01,-2.501686e+00
4.805293e+01,1.494167e+00,3.000977e+02,1.956816e+02,-1527,-1527,-6.054080e+02,6.054080e+02,0.000000e+00,-1.000674e+01,4.001857e+01,-2.501686e+00
4.814029e+01,1.494167e+00,3.000977e+02,1.956816e+02,-1527,-1527,-6.054080e+02,6.054080e+02,0.000000e+00,-1.000674e+01,4.001857e+01,-2.501686e+00
4.823835e+01,1.494167e+00,3.000977e+02,1.956816e+02,-1527,-1527,-6.054080e+02,6.054080e+02,0.000000e+00,-1.000674e+01,4.001857e+01,-2.501686e+00
4.834149e+01,1.494167e+00,3.000977e+02,1.956816e+02,-1527,-1527,-6.054080e+02,6.054080e+02,0.000000e+00,-1.000674e+01,4.001857e+01,-2.501686e+00
4.843425e+01,1.494167e+00,3.000977e+02,1.956816e+02,-1527,-1527,-6.054080e+02,6.054080e+02,0.000000e+00,-1.000674e+01,4.001857e+01,-2.501686e+00
4.853956e+01,1.494167e+00,3.000977e+02,1.956816e+02,-1527,-1527,-6.054080e+02,6.054080e+02,0.000000e+00,-1.000674e+01,4.001857e+01,-2.501686e+00
4.863604e+01,1.494167e+00,3.000977e+02,1.956816e+02,-1527,-1527,-6.054080e+02,6.054080e+02,0.000000e+00,-1.000674e+01,4.001857e+01,-2.501686e+00
4.873909e+01,1.494167e+00,3.000977e+02,1.956816e+02,-1527,-1527,-6.054080e+02,6.054080e+02,0.000000e+00,-1.000674e+01,4.001857e+01,-2.501686e+00
4.881459e+01,1.494167e+00,3.000977e+02,1.956816e+02,-1527,-1527,-6.054080e+02,6.054080e+02,0.000000e+00,-1.000674e+01,4.001857e+01,-2.501686e+00
4.892233e+01,1.494167e+00,3.000977e+02,1.956816e+02,-1527,-1527,-6.054080e+02,6.054080e+02,0.000000e+00,-1.000674e+01,4.001857e+01,-2.501686e+00
4.903001e+01,1.494167e+00,3.000977e+02,1.956816e+02,-1527,-1527,-6.054080e+02,6.054080e+02,0.000000e+00,-1.000674e+01,4.001857e+01,-2.501686e+00
4.913721e+01,1.494167e+00,3.000977e+02,1.956816e+02,-1527,-1527,-6.054080e+02,6.054080e+02,0.000000e+00,-1.000674e+01,4.001857e+01,-2.501686e+00
4.924152e+01,1.494167e+00,3.000977e+02,1.956816e+02,-1527,-1527,-6.054080e+02,6.054080e+02,0.000000e+00,-1.000674e+01,4.001857e+01,-2.501686e+00
4.936438e+01,1.494167e+00,3.000977e+02,1.956816e+02,-1527,-1527,-6.054080e+02,6.054080e+02,0.000000e+00,-1.000674e+01,4.001857e+01,-2.501686e+00
4.945867e+01,1.494167e+00,3.000977e+02,1.956816e+02,-1527,-1527,-6.054080e+02,6.054080e+02,0.000000e+00,-1.000674e+01,4.001857e+01,-2.501686e+00
4.956935e+01,1.494167e+00,3.000977e+02,1.956816e+02,-1527,-1527,-6.054080e+02,6.054080e+02,0.000000e+00,-1.000674e+01,4.001857e+01,-2.501686e+00
4.994037e+01,1.494167e+00,3.000977e+02,1.956816e+02,-1527,-1527,-6.054080e+02,6.054080e+02,0.000000e+00,-1.000674e+01,4.001857e+01,-2.501686e+00
5.004641e+01,1.494167e+00,3.000977e+02,1.956816e+02,-1527,-1527,-6.054080e+02,6.054080e+02,0.000000e+00,-1.000674e+01,4.001857e+01,-2.501686e+00
5.013583e+01,1.494167e+00,3.000977e+02,1.956816e+02,-1527,-1527,-6.054080e+02,6.054080e+02,0.000000e+00,-1.000674e+01,4.001857e+01,-2.501686e+00
5.024559e+01,1.494167e+00,3.000977e+02,1.956816e+02,-1527,-1527,-6.054080e+02,6.054080e+02,0.000000e+00,-1.000674e+01,4.001857e+01,-2.501686e+00
5.049061e+01,1.494167e+00,3.000977e+02,1.956816e+02,-1527,-1527,-6.054080e+02,6.054080e+02,0.000000e+00,-1.000674e+01,4.001857e+01,-2.501686e+00
5.058961e+01,1.494167e+00,3.000977e+02,1.956816e+02,-1527,-1527,-6.054080e+02,6.054080e+02,0.000000e+00,-1.000674e+01,4.001857e+01,-2.501686e+00
5.068912e+01,1.494167e+00,3.000977e+02,1.956816e+02,-1527,-1527,-6.054080e+02,6.054080e+02,0.000000e+00,-1.000674e+01,4.001857e+01,-2.501686e+00
5.080020e+01,1.494167e+00,3.000977e+02,1.956816e+02,-1527,-1527,-6.054080e+02,6.054080e+02,0.000000e+00,-1.000674e+01,4.001857e+01,-2.501686e+00
5.091706e+01,1.494167e+00,3.000977e+02,1.956816e+02,-1527,-1527,-6.054080e+02,6.054080e+02,0.000000e+00,-1.000674e+01,4.001857e+01,-2.501686e+00
5.099252e+01,1.494167e+00,3.000977e+02,1.956816e+02,-1527,-1527,-6.054080e+02,6.054080e+02,0.000000e+00,-1.000674e+01,4.001857e+01,-2.501686e+00
5.108353e+01,1.494167e+00,3.000977e+02,1.956816e+02,2952,2952,2.904233e+02,-2.904233e+02,0.000000e+00,4.800386e+00,3.903713e+01,1.200096e+00
5.115819e+01,1.494167e+00,3.000977e+02,1.956816e+02,-1527,-1527,-6.054080e+02,6.054080e+02,0.000000e+00,-1.000674e+01,4.001857e+01,-2.501686e+00
5.123618e+01,1.494167e+00,3.000977e+02,1.956816e+02,-1527,-1527,-6.054080e+02,6.054080e+02,0.000000e+00,-1.000674e+01,4.001857e+01,-2.501686e+00
5.140591e+01,1.494167e+00,3.000977e+02,1.956816e+02,-1527,-1527,-6.054080e+02,6.054080e+02,0.000000e+00,-1.000674e+01,4.001857e+01,-2.501686e+00
5.149820e+01,1.494167e+00,3.000977e+02,1.956816e+02,-1527,-1527,-6.054080e+02,6.054080e+02,0.000000e+00,-1.000674e+01,4.001857e+01,-2.501686e+00
5.157309e+01,1.494167e+00,3.000977e+02,1.956816e+02,-1527,-1527,-6.054080e+02,6.054080e+02,0.000000e+00,-1.000674e+01,4.001857e+01,-2.501686e+00
5.165610e+01,1.494167e+00,3.000977e+02,1.956816e+02,-1527,-1527,-6.054080e+02,6.054080e+02,0.000000e+00,-1.000674e+01,4.001857e+01,-2.501686e+00
5.177204e+01,1.494167e+00,3.000977e+02,1.956816e+02,-1527,-1527,-6.054080e+02,6.054080e+02,0.000000e+00,-1.000674e+01,4.001857e+01,-2.501686e+00
5.186485e+01,1.494167e+00,3.000977e+02,1.956816e+02,-1527,-1527,-6.054080e+02,6.054080e+02,0.000000e+00,-1.000674e+01,4.001857e+01,-2.501686e+00
5.195529e+01,1.494167e+00,3.000977e+02,1.956816e+02,-1527,-1527,-6.054080e+02,6.054080e+02,0.000000e+00,-1.000674e+01,4.001857e+01,-2.501686e+00
5.202937e+01,1.494167e+00,3.000977e+02,1.956816e+02,-1527,-1527,-6.054080e+02,6.054080e+02,0.000000e+00,-1.000674e+01,4.001857e+01,-2.501686e+00
5.215307e+01,1.494167e+00,3.000977e+02,1.956816e+02,-1527,-1527,-6.054080e+02,6.054080e+02,0.000000e+00,-1.000674e+01,4.001857e+01,-2.501686e+00
5.224420e+01,1.494167e+00,3.000977e+02,1.956816e+02,-1527,-1527,-6.054080e+02,6.054080e+02,0.000000e+00,-1.000674e+01,4.001857e+01,-2.501686e+00
5.233896e+01,1.494167e+00,3.000977e+02,1.956816e+02,-1527,-1527,-6.054080e+02,6.054080e+02,0.000000e+00,-1.000674e+01,4.001857e+01,-2.501686e+00
5.241501e+01,1.494167e+00,3.000977e+02,1.956816e+02,-1527,-1527,-6.054080e+02,6.054080e+02,0.000000e+00,-1.000674e+01,4.001857e+01,-2.501686e+00
5.248989e+01,1.494167e+00,3.000977e+02,1.956816e+02,-1527,-1527,-6.054080e+02,6.054080e+02,0.000000e+00,-1.000674e+01,4.001857e+01,-2.501686e+00
5.256661e+01,1.494167e+00,3.000977e+02,1.956816e+02,-1527,-1527,-6.054080e+02,6.054080e+02,0.000000e+00,-1.000674e+01,4.001857e+01,-2.501686e+00
5.264174e+01,1.494167e+00,3.000977e+02,1.956816e+02,-1527,-1527,-6.054080e+02,6.054080e+02,0.000000e+00,-1.000674e+01,4.001857e+01,-2.501686e+00
5.271811e+01,1.494167e+00,3.000977e+02,1.956816e+02,-1527,-1527,-6.054080e+02,6.054080e+02,0.000000e+00,-1.000674e+01,4.001857e+01,-2.501686e+00
5.284018e+01,1.494167e+00,3.000977e+02,1.956816e+02,-1527,-1527,-6.054080e+02,6.054080e+02,0.000000e+00,-1.000674e+01,4.001857e+01,-2.501686e+00
