3.820170e-02,4.940768e-01,1.975347e+02,1.992560e+02,1515,1484,3.150316e+00,3.150316e+00,3.150316e+00,0.000000e+00,1.575119e+00,-2.009931e-01
2.823402e-01,4.938955e-01,1.985532e+02,1.992496e+02,1506,1493,1.259798e+00,1.259798e+00,1.259798e+00,0.000000e+00,6.298436e-01,-1.545176e-02
7.117342e-01,4.932697e-01,1.985705e+02,1.992355e+02,1506,1493,1.242397e+00,1.242397e+00,1.242397e+00,0.000000e+00,6.211279e-01,-2.177599e-03
8.534057e-01,4.931798e-01,1.985812e+02,2.002331e+02,1504,1495,8.758836e-01,8.758836e-01,8.758836e-01,0.000000e+00,4.378602e-01,-6.560461e-01
1.130355e+00,4.925814e-01,1.996014e+02,2.002106e+02,1494,1505,-1.098133e+00,-1.098133e+00,-1.098133e+00,0.000000e+00,-5.491344e-01,-9.786552e-01
1.250542e+00,4.923617e-01,1.986121e+02,2.002083e+02,1504,1495,8.071335e-01,8.071335e-01,8.071335e-01,0.000000e+00,4.034888e-01,-6.413180e-01
1.369892e+00,4.921395e-01,1.986218e+02,2.001935e+02,1503,1496,7.836883e-01,7.836883e-01,7.836883e-01,0.000000e+00,3.917564e-01,-6.315889e-01
1.502452e+00,4.921395e-01,1.996218e+02,2.001935e+02,1494,1505,-1.150163e+00,-1.150163e+00,-1.150163e+00,0.000000e+00,-5.751547e-01,-9.648994e-01
1.606252e+00,4.920015e-01,1.986261e+02,2.001834e+02,1503,1496,7.722702e-01,7.722702e-01,7.722702e-01,0.000000e+00,3.860521e-01,-6.246787e-01
1.710130e+00,4.916787e-01,1.986265e+02,2.001657e+02,1503,1496,7.670823e-01,7.670823e-01,7.670823e-01,0.000000e+00,3.834485e-01,-6.117129e-01
1.853611e+00,4.914803e-01,1.996265e+02,2.001657e+02,1494,1505,-1.182674e+00,-1.182674e+00,-1.182674e+00,0.000000e+00,-5.914148e-01,-9.089561e-01
1.981175e+00,4.911484e-01,1.986265e+02,2.001657e+02,1503,1496,7.670719e-01,7.670719e-01,7.670719e-01,0.000000e+00,3.834485e-01,-6.111826e-01
2.129123e+00,4.908932e-01,1.996342e+02,2.001577e+02,1493,1506,-1.203119e+00,-1.203119e+00,-1.203119e+00,0.000000e+00,-6.016321e-01,-8.978939e-01
2.298575e+00,4.908932e-01,1.986342e+02,2.001577e+02,1503,1496,7.499629e-01,7.499629e-01,7.499629e-01,0.000000e+00,3.748997e-01,-6.058430e-01
2.431038e+00,4.904146e-01,1.986467e+02,2.001439e+02,1503,1496,7.220268e-01,7.220268e-01,7.220268e-01,0.000000e+00,3.609227e-01,-5.963346e-01
2.551082e+00,4.896812e-01,1.986560e+02,2.001238e+02,1503,1496,6.995769e-01,6.995769e-01,6.995769e-01,0.000000e+00,3.496889e-01,-5.815529e-01
2.682791e+00,4.896812e-01,1.996560e+02,2.001238e+02,1493,1506,-1.268625e+00,-1.268625e+00,-1.268625e+00,0.000000e+00,-6.343960e-01,-8.351981e-01
2.911545e+00,4.893416e-01,1.986581e+02,2.001061e+02,1503,1496,6.922694e-01,6.922694e-01,6.922694e-01,0.000000e+00,3.460424e-01,-5.682135e-01
3.025704e+00,4.891437e-01,1.986741e+02,2.000967e+02,1503,1496,6.591108e-01,6.591108e-01,6.591108e-01,0.000000e+00,3.294548e-01,-5.619639e-01
3.182304e+00,4.888672e-01,1.996687e+02,2.000873e+02,1493,1506,-1.314540e+00,-1.314540e+00,-1.314540e+00,0.000000e+00,-6.573539e-01,-7.466384e-01
3.299690e+00,4.885356e-01,1.986682e+02,2.000573e+02,1503,1496,6.662982e-01,6.662982e-01,6.662982e-01,0.000000e+00,3.330567e-01,-5.314956e-01
3.446840e+00,4.884129e-01,1.986684e+02,2.000463e+02,1503,1496,6.649640e-01,6.649640e-01,6.649640e-01,0.000000e+00,3.323813e-01,-5.232036e-01
3.558299e+00,4.881500e-01,1.996684e+02,2.000463e+02,1493,1506,-1.330235e+00,-1.330235e+00,-1.330235e+00,0.000000e+00,-6.652018e-01,-6.270230e-01
3.690738e+00,4.885017e-01,1.986662e+02,2.000768e+02,1503,1496,6.722712e-01,6.722712e-01,6.722712e-01,0.000000e+00,3.360431e-01,-5.460003e-01
3.820450e+00,4.882727e-01,1.986682e+02,2.000573e+02,1503,1496,6.663150e-01,6.663150e-01,6.663150e-01,0.000000e+00,3.330567e-01,-5.312327e-01
3.975528e+00,4.879419e-01,1.996783e+02,2.000414e+02,1493,1506,-1.351203e+00,-1.351203e+00,-1.351203e+00,0.000000e+00,-6.756854e-01,-6.160422e-01
4.110246e+00,4.875417e-01,1.986760e+02,2.000309e+02,1503,1496,6.489834e-01,6.489834e-01,6.489834e-01,0.000000e+00,3.243996e-01,-5.108727e-01
4.313405e+00,4.874203e-01,1.996760e+02,2.000309e+02,1493,1506,-1.348832e+00,-1.348832e+00,-1.348832e+00,0.000000e+00,-6.744912e-01,-5.824817e-01
4.430666e+00,4.869181e-01,1.986807e+02,2.000105e+02,1503,1496,6.388048e-01,6.388048e-01,6.388048e-01,0.000000e+00,3.193192e-01,-4.949088e-01
4.583899e+00,4.870569e-01,1.986750e+02,2.000200e+02,1503,1496,6.505775e-01,6.505775e-01,6.505775e-01,0.000000e+00,3.251974e-01,-5.021212e-01
4.700014e+00,4.865937e-01,1.996903e+02,2.000049e+02,1493,1506,-1.380279e+00,-1.380279e+00,-1.380279e+00,0.000000e+00,-6.902135e-01,-5.023883e-01
4.787115e+00,4.864568e-01,1.986971e+02,1.999962e+02,1503,1496,6.058927e-01,6.058927e-01,6.058927e-01,0.000000e+00,3.028647e-01,-4.835692e-01
4.888222e+00,4.863524e-01,1.986971e+02,1.999962e+02,1503,1496,6.059078e-01,6.059078e-01,6.059078e-01,0.000000e+00,3.028647e-01,-4.834647e-01
5.056425e+00,4.858459e-01,1.997039e+02,1.999752e+02,1492,1507,-1.405603e+00,-1.405603e+00,-1.405603e+00,0.000000e+00,-7.028734e-01,-4.021789e-01
5.168565e+00,4.858459e-01,1.987039e+02,1.999752e+02,1502,1497,5.928083e-01,5.928083e-01,5.928083e-01,0.000000e+00,2.963251e-01,-4.666900e-01
6.289422e+00,4.857098e-01,1.987121e+02,1.999673e+02,1502,1497,5.768422e-01,5.768422e-01,5.768422e-01,0.000000e+00,2.883349e-01,-4.602915e-01
6.377093e+00,4.855963e-01,1.997121e+02,1.999673e+02,1492,1507,-1.420314e+00,-1.420314e+00,-1.420314e+00,0.000000e+00,-7.102254e-01,-3.723573e-01
6.474655e+00,4.856835e-01,1.987037e+02,1.999605e+02,1502,1497,5.939776e-01,5.939776e-01,5.939776e-01,0.000000e+00,2.969129e-01,-4.551963e-01
6.561805e+00,4.855700e-01,1.987037e+02,1.999605e+02,1502,1497,5.939925e-01,5.939925e-01,5.939925e-01,0.000000e+00,2.969129e-01,-4.550828e-01
6.655915e+00,4.851788e-01,1.987131e+02,1.999409e+02,1502,1497,5.766900e-01,5.766900e-01,5.766900e-01,0.000000e+00,2.882545e-01,-4.392778e-01
6.756380e+00,4.851788e-01,1.997131e+02,1.999409e+02,1492,1507,-1.414007e+00,-1.414007e+00,-1.414007e+00,0.000000e+00,-7.070761e-01,-2.819855e-01
6.841481e+00,4.849150e-01,1.987149e+02,1.999299e+02,1502,1497,5.742211e-01,5.742211e-01,5.742211e-01,0.000000e+00,2.870305e-01,-4.304554e-01
6.980168e+00,4.849150e-01,1.987149e+02,1.999299e+02,1502,1497,5.742354e-01,5.742354e-01,5.742354e-01,0.000000e+00,2.870305e-01,-4.304554e-01
7.063063e+00,4.849150e-01,1.987149e+02,1.999299e+02,1502,1497,5.742498e-01,5.742498e-01,5.742498e-01,0.000000e+00,2.870305e-01,-4.304554e-01
7.160427e+00,4.847864e-01,1.997149e+02,1.999299e+02,1492,1507,-1.412641e+00,-1.412641e+00,-1.412641e+00,0.000000e+00,-7.063970e-01,-2.438525e-01
7.238264e+00,4.843297e-01,1.987105e+02,1.999202e+02,1502,1497,5.841702e-01,5.841702e-01,5.841702e-01,0.000000e+00,2.920011e-01,-4.225107e-01
7.335511e+00,4.843297e-01,1.987105e+02,1.999202e+02,1502,1497,5.841848e-01,5.841848e-01,5.841848e-01,0.000000e+00,2.920011e-01,-4.225107e-01
7.417241e+00,4.839406e-01,1.987321e+02,1.999186e+02,1502,1497,5.412100e-01,5.412100e-01,5.412100e-01,0.000000e+00,2.705069e-01,-4.198384e-01
7.502641e+00,4.840212e-01,1.997213e+02,1.999202e+02,1492,1507,-1.419976e+00,-1.419976e+00,-1.419976e+00,0.000000e+00,-7.100682e-01,-2.050077e-01
7.636266e+00,4.838090e-01,1.987321e+02,1.999186e+02,1502,1497,5.411881e-01,5.411881e-01,5.411881e-01,0.000000e+00,2.705069e-01,-4.197068e-01
7.713432e+00,4.836407e-01,1.987427e+02,1.999160e+02,1502,1497,5.202931e-01,5.202931e-01,5.202931e-01,0.000000e+00,2.600530e-01,-4.169334e-01
7.830359e+00,4.833454e-01,1.987427e+02,1.999160e+02,1502,1497,5.203061e-01,5.203061e-01,5.203061e-01,0.000000e+00,2.600530e-01,-4.166380e-01
7.906078e+00,4.832569e-01,1.987376e+02,1.999129e+02,1502,1497,5.311031e-01,5.311031e-01,5.311031e-01,0.000000e+00,2.654448e-01,-4.143697e-01
8.044632e+00,4.831252e-01,1.997376e+02,1.999129e+02,1492,1507,-1.446781e+00,-1.446781e+00,-1.446781e+00,0.000000e+00,-7.234793e-01,-1.626684e-01
8.122562e+00,9.078811e-01,1.818052e+02,2.314156e+02,-863,-863,-4.727999e+02,4.727999e+02,0.000000e+00,-7.814875e+00,3.530413e+01,-1.953719e+00
8.242871e+00,2.844580e-01,1.994686e+02,2.004810e+02,1497,1502,-5.662692e-01,-5.662692e-01,-5.662692e-01,0.000000e+00,-2.832233e-01,-1.020083e+00
8.321854e+00,2.844580e-01,5.664512e+02,3.106000e+02,-2290,-2290,-7.581692e+02,7.581692e+02,0.000000e+00,-1.253172e+01,3.817778e+02,-3.132931e+00
8.429553e+00,2.844580e-01,1.988372e+02,2.004587e+02,701,701,-1.597696e+02,1.597696e+02,0.000000e+00,-2.640820e+00,2.500455e-01,-6.602049e-01
8.510517e+00,-2.672571e-02,1.991181e+02,2.007729e+02,1501,1498,3.455573e-01,3.455573e-01,3.455573e-01,0.000000e+00,1.726900e-01,-6.928910e-01
8.612618e+00,-2.682629e-02,1.991181e+02,2.007729e+02,1501,1498,3.455660e-01,3.455660e-01,3.455660e-01,0.000000e+00,1.726900e-01,-6.927905e-01
8.698370e+00,-2.695665e-02,1.991181e+02,2.007729e+02,1501,1498,3.455746e-01,3.455746e-01,3.455746e-01,0.000000e+00,1.726900e-01,-6.926601e-01
8.777766e+00,-2.714518e-02,1.991181e+02,2.007729e+02,1501,1498,3.455832e-01,3.455832e-01,3.455832e-01,0.000000e+00,1.726900e-01,-6.924716e-01
8.908401e+00,-2.728395e-02,1.991181e+02,2.007619e+02,1501,1498,3.310446e-01,3.310446e-01,3.310446e-01,0.000000e+00,1.654166e-01,-6.852407e-01
8.994451e+00,-2.728395e-02,1.991181e+02,2.007619e+02,1501,1498,3.310529e-01,3.310529e-01,3.310529e-01,0.000000e+00,1.654166e-01,-6.852407e-01
9.115290e+00,-2.766473e-02,1.991154e+02,2.007510e+02,1501,1498,3.210246e-01,3.210246e-01,3.210246e-01,0.000000e+00,1.603984e-01,-6.762720e-01
9.190434e+00,-2.766473e-02,1.991154e+02,2.007510e+02,1501,1498,3.210326e-01,3.210326e-01,3.210326e-01,0.000000e+00,1.603984e-01,-6.762720e-01
9.315831e+00,-2.766473e-02,1.991154e+02,2.007510e+02,1501,1498,3.210406e-01,3.210406e-01,3.210406e-01,0.000000e+00,1.603984e-01,-6.762720e-01
9.405985e+00,-2.826220e-02,1.991073e+02,2.007240e+02,1501,1498,2.990443e-01,2.990443e-01,2.990443e-01,0.000000e+00,1.493965e-01,-6.531804e-01
9.538519e+00,-2.826220e-02,4.451184e+02,3.312500e+02,-1672,-1672,-6.344568e+02,6.344568e+02,0.000000e+00,-1.048689e+01,2.770460e+02,-2.621722e+00
9.627651e+00,-2.826220e-02,4.421126e+02,3.345281e+02,-1653,-1653,-6.306920e+02,6.306920e+02,0.000000e+00,-1.042466e+01,2.759771e+02,-2.606165e+00
9.750607e+00,-3.802863e-01,1.998439e+02,2.016535e+02,1506,1493,1.321895e+00,1.321895e+00,1.321895e+00,0.000000e+00,6.608221e-01,-1.096376e+00
9.843755e+00,-3.804493e-01,1.998504e+02,2.016446e+02,1506,1493,1.302979e+00,1.302979e+00,1.302979e+00,0.000000e+00,6.513474e-01,-1.099604e+00
9.942335e+00,-3.808076e-01,1.998231e+02,2.016503e+02,1506,1493,1.319759e+00,1.319759e+00,1.319759e+00,0.000000e+00,6.597210e-01,-1.083181e+00
1.004507e+01,-3.809124e-01,1.998417e+02,2.016276e+02,1506,1493,1.270894e+00,1.270894e+00,1.270894e+00,0.000000e+00,6.352725e-01,-1.092922e+00
1.019209e+01,-3.812207e-01,1.998417e+02,2.016276e+02,1506,1493,1.270925e+00,1.270925e+00,1.270925e+00,0.000000e+00,6.352725e-01,-1.092613e+00
1.027200e+01,-3.818423e-01,2.008352e+02,2.015969e+02,-521,-521,-4.043456e+02,4.043456e+02,0.000000e+00,-6.683398e+00,8.021391e-01,-1.670850e+00
1.038856e+01,-5.739063e-01,2.007961e+02,2.015271e+02,1507,1492,1.444569e+00,1.444569e+00,1.444569e+00,0.000000e+00,7.220944e-01,-1.477439e+00
1.047975e+01,-5.739716e-01,2.008014e+02,2.015174e+02,1507,1492,1.432499e+00,1.432499e+00,1.432499e+00,0.000000e+00,7.160414e-01,-1.482750e+00
1.061693e+01,-5.743788e-01,2.007989e+02,2.015066e+02,1507,1492,1.411070e+00,1.411070e+00,1.411070e+00,0.000000e+00,7.053091e-01,-1.483962e+00
1.070706e+01,-5.743788e-01,2.007989e+02,2.015066e+02,1507,1492,1.411105e+00,1.411105e+00,1.411105e+00,0.000000e+00,7.053091e-01,-1.483962e+00
1.081954e+01,-5.745100e-01,2.007989e+02,2.015066e+02,1507,1492,1.411140e+00,1.411140e+00,1.411140e+00,0.000000e+00,7.053091e-01,-1.483831e+00
1.092503e+01,-5.748216e-01,2.007989e+02,2.015066e+02,1507,1492,1.411175e+00,1.411175e+00,1.411175e+00,0.000000e+00,7.053091e-01,-1.483519e+00
1.108064e+01,-5.753103e-01,2.017989e+02,2.005066e+02,-1273,-1273,-5.546064e+02,5.546064e+02,0.000000e+00,-9.167048e+00,8.688441e-01,-2.291762e+00
1.116784e+01,-7.148592e-01,2.018902e+02,2.015624e+02,-600,-600,-4.201103e+02,4.201103e+02,0.000000e+00,-6.943972e+00,1.452377e+00,-1.735993e+00
1.226687e+01,-4.425234e-01,2.292069e+02,2.251509e+02,-905,-905,-4.811324e+02,4.811324e+02,0.000000e+00,-7.952602e+00,3.754359e+01,-1.988150e+00
1.237912e+01,-1.052399e+00,2.019872e+02,2.018541e+02,1517,1482,3.436310e+00,3.436310e+00,3.436310e+00,0.000000e+00,1.717877e+00,-1.338426e+00
1.248933e+01,-1.052500e+00,2.029872e+02,2.008541e+02,-690,-690,-4.381637e+02,4.381637e+02,0.000000e+00,-7.242375e+00,2.106931e+00,-1.810594e+00
1.257522e+01,-1.196455e+00,2.024650e+02,2.016268e+02,1519,1480,3.907406e+00,3.907406e+00,3.907406e+00,0.000000e+00,1.953425e+00,-1.361798e+00
1.266100e+01,-1.196829e+00,2.024507e+02,2.006096e+02,-558,-558,-4.116366e+02,4.116366e+02,0.000000e+00,-6.803911e+00,1.525349e+00,-1.700978e+00
1.276949e+01,-1.375323e+00,2.034891e+02,2.007298e+02,1525,1474,5.129737e+00,5.129737e+00,5.129737e+00,0.000000e+00,2.564590e+00,-1.560063e+00
1.284704e+01,-1.375323e+00,3.952711e+02,2.087556e+02,-582,-582,-4.165937e+02,4.165937e+02,0.000000e+00,-6.885846e+00,1.944673e+02,-1.721461e+00
1.294956e+01,-1.546468e+00,2.035722e+02,1.999380e+02,7151,7151,1.130309e+03,-1.130309e+03,0.000000e+00,1.868279e+01,2.572778e+00,4.670699e+00
1.304442e+01,-1.390143e+00,2.030335e+02,2.006580e+02,1521,1478,4.208688e+00,4.208688e+00,4.208688e+00,0.000000e+00,2.104065e+00,-1.537847e+00
1.313506e+01,-1.390391e+00,2.030154e+02,1.996441e+02,6841,6841,1.068310e+03,-1.068310e+03,0.000000e+00,1.765802e+01,2.036336e+00,4.414506e+00
1.323068e+01,-1.230850e+00,2.033328e+02,2.001486e+02,-758,-758,-4.516142e+02,4.516142e+02,0.000000e+00,-7.464698e+00,2.336142e+00,-1.866174e+00
1.332138e+01,-1.373497e+00,2.035571e+02,1.997523e+02,6879,6879,1.075825e+03,-1.075825e+03,0.000000e+00,1.778223e+01,2.565726e+00,4.445558e+00
1.342095e+01,-1.650130e+00,1.680317e+02,1.895656e+02,3878,3878,4.756813e+02,-4.756813e+02,0.000000e+00,7.862502e+00,3.262812e+01,1.965625e+00
1.349335e+01,-1.083376e+00,2.030309e+02,2.003240e+02,-861,-861,-4.723136e+02,4.723136e+02,0.000000e+00,-7.806837e+00,2.048169e+00,-1.951709e+00
1.360328e+01,-1.266396e+00,2.031761e+02,1.997377e+02,6733,6733,1.046791e+03,-1.046791e+03,0.000000e+00,1.730233e+01,2.186953e+00,4.325583e+00
1.367972e+01,-1.140958e+00,2.032468e+02,2.003896e+02,-776,-776,-4.552529e+02,4.552529e+02,0.000000e+00,-7.524842e+00,2.270089e+00,-1.881210e+00
1.376552e+01,-1.277392e+00,2.028181e+02,1.996058e+02,6678,6678,1.035762e+03,-1.035762e+03,0.000000e+00,1.712003e+01,1.845584e+00,4.280006e+00
1.386522e+01,-1.110022e+00,2.032248e+02,1.998562e+02,6590,6590,1.018105e+03,-1.018105e+03,0.000000e+00,1.682818e+01,2.227980e+00,4.207045e+00
1.394193e+01,-9.819554e-01,2.030290e+02,2.002516e+02,-1012,-1012,-5.025768e+02,5.025768e+02,0.000000e+00,-8.307054e+00,2.039433e+00,-2.076764e+00
1.408810e+01,-1.222527e+00,2.026199e+02,2.002552e+02,-704,-704,-4.409157e+02,4.409157e+02,0.000000e+00,-7.287863e+00,1.632256e+00,-1.821966e+00
1.416378e+01,-1.349338e+00,2.033869e+02,1.999018e+02,6898,6898,1.079794e+03,-1.079794e+03,0.000000e+00,1.784784e+01,2.388360e+00,4.461960e+00
1.427347e+01,-1.170417e+00,2.033397e+02,1.999344e+02,6693,6693,1.038753e+03,-1.038753e+03,0.000000e+00,1.716947e+01,2.340388e+00,4.292367e+00
1.435104e+01,-1.041933e+00,2.022607e+02,2.001026e+02,-985,-985,-4.971470e+02,4.971470e+02,0.000000e+00,-8.217306e+00,1.263031e+00,-2.054326e+00
1.448033e+01,-1.253850e+00,2.036104e+02,1.999237e+02,6792,6792,1.058586e+03,-1.058586e+03,0.000000e+00,1.749730e+01,2.611249e+00,4.374324e+00
1.456014e+01,-1.121176e+00,2.028746e+02,1.997156e+02,6538,6538,1.007728e+03,-1.007728e+03,0.000000e+00,1.665665e+01,1.888608e+00,4.164164e+00
1.466792e+01,-9.427575e-01,2.021800e+02,2.000249e+02,-1146,-1146,-5.293587e+02,5.293587e+02,0.000000e+00,-8.749731e+00,1.180179e+00,-2.187433e+00
1.474239e+01,-9.427575e-01,2.026402e+02,1.996767e+02,6294,6294,9.589269e+02,-9.589269e+02,0.000000e+00,1.585003e+01,1.659885e+00,3.962508e+00
1.482711e+01,-9.247773e-01,2.026847e+02,2.004333e+02,-988,-988,-4.977458e+02,4.977458e+02,0.000000e+00,-8.227204e+00,1.719446e+00,-2.056801e+00
1.492044e+01,-1.077527e+00,2.032355e+02,2.004295e+02,-837,-837,-4.675631e+02,4.675631e+02,0.000000e+00,-7.728316e+00,2.263882e+00,-1.932079e+00
1.502857e+01,-1.256582e+00,2.034874e+02,1.998907e+02,6783,6783,1.056775e+03,-1.056775e+03,0.000000e+00,1.746736e+01,2.489086e+00,4.366840e+00
1.512588e+01,-1.094864e+00,2.027046e+02,2.001160e+02,-924,-924,-4.849370e+02,4.849370e+02,0.000000e+00,-8.015487e+00,1.707057e+00,-2.003872e+00
1.520797e+01,-1.231559e+00,2.033159e+02,2.001481e+02,-757,-757,-4.514233e+02,4.514233e+02,0.000000e+00,-7.461542e+00,2.319256e+00,-1.865385e+00
1.530600e+01,-1.385396e+00,2.031445e+02,1.996307e+02,6836,6836,1.067240e+03,-1.067240e+03,0.000000e+00,1.764033e+01,2.166085e+00,4.410081e+00
1.539385e+01,-1.232896e+00,2.032740e+02,2.001224e+02,-764,-764,-4.528579e+02,4.528579e+02,0.000000e+00,-7.485254e+00,2.276288e+00,-1.871314e+00
1.547855e+01,-1.366622e+00,2.038023e+02,1.998235e+02,6898,6898,1.079763e+03,-1.079763e+03,0.000000e+00,1.784732e+01,2.806437e+00,4.461831e+00
1.558310e+01,-1.187222e+00,2.027777e+02,1.997537e+02,6630,6630,1.026168e+03,-1.026168e+03,0.000000e+00,1.696146e+01,1.788637e+00,4.240365e+00
1.566037e+01,-1.060197e+00,2.027542e+02,1.997306e+02,6466,6466,9.932358e+02,-9.932358e+02,0.000000e+00,1.641712e+01,1.767367e+00,4.104280e+00
1.581817e+01,-3.756525e-01,2.273247e+02,2.254978e+02,-938,-938,-4.876573e+02,4.876573e+02,0.000000e+00,-8.060451e+00,3.637349e+01,-2.015113e+00
1.589227e+01,-9.217956e-01,2.027398e+02,1.994822e+02,6190,6190,9.381334e+02,-9.381334e+02,0.000000e+00,1.550634e+01,1.788275e+00,3.876584e+00
1.600194e+01,-3.167610e-01,2.263219e+02,2.264077e+02,-965,-965,-4.931490e+02,4.931490e+02,0.000000e+00,-8.151222e+00,3.628552e+01,-2.037806e+00
1.609825e+01,-9.051401e-01,2.021871e+02,1.998026e+02,6287,6287,9.575318e+02,-9.575318e+02,0.000000e+00,1.582697e+01,1.196031e+00,3.956743e+00
1.620480e+01,-7.271694e-01,2.026947e+02,2.001943e+02,-1334,-1334,-5.668679e+02,5.668679e+02,0.000000e+00,-9.369717e+00,1.701716e+00,-2.342429e+00
1.629171e+01,-8.704803e-01,2.021168e+02,1.996274e+02,6143,6143,9.287517e+02,-9.287517e+02,0.000000e+00,1.535127e+01,1.149355e+00,3.837817e+00
1.641218e+01,-6.731380e-01,2.018583e+02,1.996688e+02,5902,5902,8.804828e+02,-8.804828e+02,0.000000e+00,1.455343e+01,8.876100e-01,3.638359e+00
1.650492e+01,-5.195513e-01,2.018345e+02,1.991756e+02,5418,5418,7.837941e+02,-7.837941e+02,0.000000e+00,1.295527e+01,1.011235e+00,3.238819e+00
1.662163e+01,-3.274140e-01,2.014573e+02,1.993653e+02,5200,5200,7.400959e+02,-7.400959e+02,0.000000e+00,1.223299e+01,5.895704e-01,3.058248e+00
1.670017e+01,-1.971657e-01,2.015358e+02,1.988204e+02,4747,4747,6.494794e+02,-6.494794e+02,0.000000e+00,1.073520e+01,9.365799e-01,2.683799e+00
1.677865e+01,-7.189724e-02,2.010668e+02,1.991906e+02,4603,4603,6.206001e+02,-6.206001e+02,0.000000e+00,1.025785e+01,3.390918e-01,2.564463e+00
1.686496e+01,7.596322e-02,2.009547e+02,1.983478e+02,3942,3942,4.885473e+02,-4.885473e+02,0.000000e+00,8.075162e+00,9.081803e-01,2.018791e+00
1.694518e+01,2.095698e-01,2.011383e+02,1.980004e+02,3773,3773,4.546510e+02,-4.546510e+02,0.000000e+00,7.514892e+00,1.300901e+00,1.878723e+00
1.710965e+01,4.799678e-01,2.018030e+02,1.978320e+02,3659,3659,4.318671e+02,-4.318671e+02,0.000000e+00,7.138299e+00,1.819754e+00,1.784575e+00
1.718279e+01,1.027618e+00,1.808528e+02,2.266061e+02,-889,-889,-4.778577e+02,4.778577e+02,0.000000e+00,-7.898474e+00,3.177952e+01,-1.974618e+00
1.831032e+01,4.087704e-01,2.009559e+02,1.976005e+02,3380,3348,3.761178e+02,-3.697853e+02,3.166269e+00,6.164488e+00,1.582856e+00,1.541122e+00
1.839081e+01,5.420211e-01,2.016580e+02,1.976482e+02,3487,3487,3.975673e+02,-3.975673e+02,0.000000e+00,6.571360e+00,1.877491e+00,1.642840e+00
1.848032e+01,1.108603e+00,1.789130e+02,2.252391e+02,-899,-899,-4.799807e+02,4.799807e+02,0.000000e+00,-7.933565e+00,3.188880e+01,-1.983391e+00
1.858423e+01,1.108603e+00,2.013274e+02,1.976816e+02,2688,2688,2.376912e+02,-2.376912e+02,0.000000e+00,3.928780e+00,1.671551e+00,9.821950e-01
1.868899e+01,1.101058e+00,1.792265e+02,2.251154e+02,-896,-896,-4.793517e+02,4.793517e+02,0.000000e+00,-7.923169e+00,3.159327e+01,-1.980792e+00
1.880700e+01,1.101058e+00,3.805351e+02,2.164386e+02,-3523,-3523,-1.004747e+03,1.004747e+03,0.000000e+00,-1.660738e+01,1.802819e+02,-4.151846e+00
1.889366e+01,3.333907e-01,2.008933e+02,1.980977e+02,3528,3528,4.056930e+02,-4.056930e+02,0.000000e+00,6.705670e+00,1.101631e+00,1.676417e+00
1.899855e+01,3.333907e-01,2.013222e+02,1.976620e+02,3620,3620,4.240058e+02,-4.240058e+02,0.000000e+00,7.008360e+00,1.685938e+00,1.752090e+00
1.907864e+01,3.333907e-01,2.017240e+02,1.974921e+02,3725,3725,4.451918e+02,-4.451918e+02,0.000000e+00,7.358542e+00,2.043315e+00,1.839636e+00
1.919209e+01,1.250403e+00,1.747607e+02,2.212051e+02,-858,-858,-4.716962e+02,4.716962e+02,0.000000e+00,-7.796631e+00,3.196484e+01,-1.949158e+00
1.928292e+01,1.098507e+00,1.793017e+02,2.250603e+02,-894,-894,-4.789049e+02,4.789049e+02,0.000000e+00,-7.915784e+00,3.150292e+01,-1.978946e+00
1.940474e+01,4.704362e-01,2.009932e+02,1.975204e+02,3309,3275,3.618269e+02,-3.551413e+02,3.342805e+00,5.925356e+00,1.671124e+00,1.481339e+00
1.949930e+01,6.270447e-01,2.010132e+02,1.971289e+02,3072,3031,3.145783e+02,-3.063985e+02,4.089891e+00,5.132039e+00,2.044667e+00,1.283010e+00
1.960435e+01,6.270447e-01,1.759617e+02,2.213787e+02,-138,-138,-3.276561e+02,3.276561e+02,0.000000e+00,-5.415803e+00,3.116970e+01,-1.353951e+00
1.968329e+01,6.270447e-01,1.784721e+02,2.250300e+02,-299,-299,-3.599805e+02,3.599805e+02,0.000000e+00,-5.950091e+00,3.201444e+01,-1.487523e+00
1.976160e+01,5.442585e-01,2.016286e+02,1.977461e+02,3499,3499,3.998486e+02,-3.998486e+02,0.000000e+00,6.609068e+00,1.780703e+00,1.652267e+00
1.985521e+01,1.128307e+00,1.778491e+02,2.242069e+02,-869,-869,-4.738426e+02,4.738426e+02,0.000000e+00,-7.832109e+00,3.181211e+01,-1.958027e+00
1.994580e+01,9.765364e-01,1.824407e+02,2.282119e+02,-908,-908,-4.817249e+02,4.817249e+02,0.000000e+00,-7.962395e+00,3.223009e+01,-1.990599e+00
2.008716e+01,3.208086e-01,2.010231e+02,1.977407e+02,3526,3526,4.053960e+02,-4.053960e+02,0.000000e+00,6.700760e+00,1.480099e+00,1.675190e+00
2.016189e+01,4.446407e-01,2.013835e+02,1.977229e+02,3523,3523,4.046503e+02,-4.046503e+02,0.000000e+00,6.688435e+00,1.664477e+00,1.672109e+00
2.028702e+01,6.509821e-01,2.014727e+02,1.977965e+02,3342,3309,3.684786e+02,-3.618762e+02,3.301192e+00,6.035990e+00,1.650317e+00,1.508997e+00
2.036072e+01,6.509821e-01,1.764087e+02,2.223043e+02,-204,-204,-3.408199e+02,3.408199e+02,0.000000e+00,-5.633387e+00,3.146588e+01,-1.408347e+00
2.048615e+01,9.952127e-01,1.814979e+02,2.274128e+02,-886,-886,-4.772958e+02,4.772958e+02,0.000000e+00,-7.889187e+00,3.207247e+01,-1.972297e+00
2.056789e+01,4.330587e-01,2.015509e+02,1.973019e+02,3507,3507,4.015846e+02,-4.015846e+02,0.000000e+00,6.637762e+00,2.112112e+00,1.659440e+00
2.068136e+01,1.045080e+00,1.799914e+02,2.257371e+02,-865,-865,-4.731229e+02,4.731229e+02,0.000000e+00,-7.820213e+00,3.159972e+01,-1.955053e+00
2.076201e+01,4.865686e-01,2.016891e+02,1.980098e+02,3663,3663,4.326867e+02,-4.326867e+02,0.000000e+00,7.151847e+00,1.610319e+00,1.787962e+00
2.087165e+01,4.865686e-01,2.012605e+02,1.971442e+02,3314,3314,3.629724e+02,-3.629724e+02,0.000000e+00,5.999543e+00,2.121596e+00,1.499886e+00
2.095506e+01,4.865686e-01,1.756883e+02,2.213810e+02,38,38,-2.923153e+02,2.923153e+02,0.000000e+00,-4.831657e+00,3.137597e+01,-1.207914e+00
2.108856e+01,4.865686e-01,1.815983e+02,2.265769e+02,-256,-256,-3.513263e+02,3.513263e+02,0.000000e+00,-5.807047e+00,3.132578e+01,-1.451762e+00
2.116794e+01,4.865686e-01,2.012522e+02,1.979811e+02,3483,3483,3.967313e+02,-3.967313e+02,0.000000e+00,6.557543e+00,1.375692e+00,1.639386e+00
2.124911e+01,4.865686e-01,2.019339e+02,1.978134e+02,3688,3688,4.376300e+02,-4.376300e+02,0.000000e+00,7.233553e+00,1.919083e+00,1.808388e+00
2.135171e+01,4.865686e-01,1.773493e+02,2.233450e+02,-57,-57,-3.114688e+02,3.114688e+02,0.000000e+00,-5.148244e+00,3.152753e+01,-1.287061e+00
2.142308e+01,4.865686e-01,2.017464e+02,1.974455e+02,3537,3537,4.075072e+02,-4.075072e+02,0.000000e+00,6.735656e+00,2.094405e+00,1.683914e+00
2.154486e+01,4.865686e-01,1.752445e+02,2.211659e+02,55,55,-2.889380e+02,2.889380e+02,0.000000e+00,-4.775835e+00,3.157038e+01,-1.193959e+00
2.162231e+01,1.128362e+00,1.778491e+02,2.242069e+02,-869,-869,-4.738560e+02,4.738560e+02,0.000000e+00,-7.832331e+00,3.181211e+01,-1.958083e+00
2.174050e+01,1.128362e+00,3.994113e+02,3.870649e+02,-2754,-2754,-8.509910e+02,8.509910e+02,0.000000e+00,-1.406597e+01,2.724193e+02,-3.516492e+00
2.183784e+01,3.483207e-01,2.017654e+02,1.976335e+02,3754,3754,4.509439e+02,-4.509439e+02,0.000000e+00,7.453619e+00,1.952491e+00,1.863405e+00
2.195400e+01,5.409440e-01,2.016611e+02,1.976337e+02,3486,3486,3.973427e+02,-3.973427e+02,0.000000e+00,6.567647e+00,1.891188e+00,1.641912e+00
2.204099e+01,1.108804e+00,1.789130e+02,2.252391e+02,-900,-900,-4.800295e+02,4.800295e+02,0.000000e+00,-7.934372e+00,3.188880e+01,-1.983593e+00
2.211956e+01,1.108804e+00,2.013500e+02,1.971968e+02,2602,2602,2.204175e+02,-2.204175e+02,0.000000e+00,3.643265e+00,2.111312e+00,9.108163e-01
2.221568e+01,1.146782e+00,1.779060e+02,2.242265e+02,-893,-893,-4.787207e+02,4.787207e+02,0.000000e+00,-7.912740e+00,3.178824e+01,-1.978185e+00
2.230102e+01,5.796493e-01,2.019789e+02,1.977627e+02,3575,3575,4.151111e+02,-4.151111e+02,0.000000e+00,6.861341e+00,1.986858e+00,1.715335e+00
2.243410e+01,5.796493e-01,1.760812e+02,2.213547e+02,-83,-83,-3.166502e+02,3.166502e+02,0.000000e+00,-5.233888e+00,3.106450e+01,-1.308472e+00
2.252186e+01,6.550697e-01,2.014265e+02,1.968936e+02,3153,3104,3.306189e+02,-3.209446e+02,4.837149e+00,5.384823e+00,2.418296e+00,1.346206e+00
2.264751e+01,8.635720e-01,2.012364e+02,1.970843e+02,2862,2819,2.725377e+02,-2.638686e+02,4.334546e+00,4.433110e+00,2.166994e+00,1.108277e+00
2.274483e+01,1.447167e+00,1.709655e+02,2.145216e+02,-812,-812,-4.624460e+02,4.624460e+02,0.000000e+00,-7.643735e+00,3.146347e+01,-1.910934e+00
2.283390e+01,1.447167e+00,1.742918e+02,2.199485e+02,-1049,-1049,-5.099126e+02,5.099126e+02,0.000000e+00,-8.428308e+00,3.154000e+01,-2.107077e+00
2.292158e+01,1.153281e+00,1.777082e+02,2.233305e+02,-873,-873,-4.746688e+02,4.746688e+02,0.000000e+00,-7.845765e+00,3.126821e+01,-1.961441e+00
2.306839e+01,4.883050e-01,2.016785e+02,1.980505e+02,3669,3669,4.339851e+02,-4.339851e+02,0.000000e+00,7.173307e+00,1.572509e+00,1.793327e+00
2.314660e+01,6.182237e-01,2.012202e+02,1.968627e+02,3125,3077,3.250225e+02,-3.155566e+02,4.732952e+00,5.294041e+00,2.366197e+00,1.323510e+00
2.325033e+01,1.215799e+00,1.753664e+02,2.221164e+02,-856,-856,-4.712719e+02,4.712719e+02,0.000000e+00,-7.789618e+00,3.210513e+01,-1.947404e+00
2.332480e+01,1.090604e+00,1.787768e+02,2.250730e+02,-870,-870,-4.740699e+02,4.740699e+02,0.000000e+00,-7.835866e+00,3.184930e+01,-1.958967e+00
2.345049e+01,4.592507e-01,2.011626e+02,1.981803e+02,3532,3532,4.065770e+02,-4.065770e+02,0.000000e+00,6.720281e+00,1.159367e+00,1.680070e+00
2.352990e+01,5.929456e-01,2.017200e+02,1.971494e+02,3363,3316,3.726811e+02,-3.633628e+02,4.659138e+00,6.083007e+00,2.329290e+00,1.520752e+00
2.360845e+01,1.146418e+00,1.779060e+02,2.242265e+02,-893,-893,-4.786327e+02,4.786327e+02,0.000000e+00,-7.911284e+00,3.178824e+01,-1.977821e+00
2.370763e+01,1.146418e+00,2.013983e+02,1.971058e+02,2558,2558,2.116189e+02,-2.116189e+02,0.000000e+00,3.497833e+00,2.214307e+00,8.744583e-01
2.379147e+01,1.120858e+00,1.782308e+02,2.241239e+02,-868,-868,-4.737198e+02,4.737198e+02,0.000000e+00,-7.830080e+00,3.149405e+01,-1.957520e+00
2.388658e+01,5.399746e-01,2.016928e+02,1.975951e+02,3489,3489,3.978879e+02,-3.978879e+02,0.000000e+00,6.576660e+00,1.940960e+00,1.644165e+00
2.396173e+01,5.399746e-01,1.790390e+02,2.251385e+02,-213,-213,-3.426102e+02,3.426102e+02,0.000000e+00,-5.662979e+00,3.173088e+01,-1.415745e+00
2.407759e+01,4.739908e-01,2.019274e+02,1.976432e+02,3656,3656,4.313164e+02,-4.313164e+02,0.000000e+00,7.129196e+00,2.044530e+00,1.782299e+00
2.416301e+01,1.045431e+00,1.799914e+02,2.257371e+02,-866,-866,-4.732078e+02,4.732078e+02,0.000000e+00,-7.821616e+00,3.159972e+01,-1.955404e+00
2.424446e+01,4.930692e-01,2.015806e+02,1.972344e+02,3432,3432,3.864611e+02,-3.864611e+02,0.000000e+00,6.387787e+00,2.185384e+00,1.596947e+00
2.433154e+01,1.067427e+00,1.798398e+02,2.258745e+02,-891,-891,-4.782703e+02,4.782703e+02,0.000000e+00,-7.905294e+00,3.180122e+01,-1.976324e+00
2.440661e+01,5.182965e-01,2.011459e+02,1.979872e+02,3412,3386,3.825813e+02,-3.773158e+02,2.632748e+00,6.280141e+00,1.316095e+00,1.570035e+00
2.457633e+01,5.182965e-01,2.595000e+02,4.193966e+02,-1348,-1348,-5.696490e+02,5.696490e+02,0.000000e+00,-9.415685e+00,2.263216e+02,-2.353921e+00
2.464163e+01,5.182965e-01,2.634053e+02,4.277093e+02,-1356,-1356,-5.712802e+02,5.712802e+02,0.000000e+00,-9.442649e+00,2.353720e+02,-2.360662e+00
2.474315e+01,5.182965e-01,2.523584e+02,4.276947e+02,-1301,-1301,-5.602575e+02,5.602575e+02,0.000000e+00,-9.260455e+00,2.326371e+02,-2.315114e+00
2.483251e+01,5.182965e-01,2.453584e+02,4.246947e+02,-1268,-1268,-5.537644e+02,5.537644e+02,0.000000e+00,-9.153131e+00,2.282272e+02,-2.288283e+00
2.492843e+01,5.182965e-01,2.353584e+02,4.206947e+02,-1220,-1220,-5.440056e+02,5.440056e+02,0.000000e+00,-8.991827e+00,2.225092e+02,-2.247957e+00
2.501368e+01,5.182965e-01,2.283584e+02,4.176947e+02,-1184,-1184,-5.369085e+02,5.369085e+02,0.000000e+00,-8.874521e+00,2.185340e+02,-2.218630e+00
2.509277e+01,-5.166853e-02,2.011200e+02,1.988815e+02,4414,4414,5.828661e+02,-5.828661e+02,0.000000e+00,9.634150e+00,5.829159e-01,2.408538e+00
2.620421e+01,9.813510e-02,2.018566e+02,1.981167e+02,4223,4223,5.447258e+02,-5.447258e+02,0.000000e+00,9.003733e+00,1.644551e+00,2.250933e+00
2.632047e+01,3.216654e-01,2.010283e+02,1.977722e+02,3534,3534,4.069428e+02,-4.069428e+02,0.000000e+00,6.726327e+00,1.453688e+00,1.681582e+00
2.642402e+01,4.933271e-01,2.015806e+02,1.972344e+02,3431,3431,3.863987e+02,-3.863987e+02,0.000000e+00,6.386756e+00,2.185384e+00,1.596689e+00
2.652190e+01,6.543032e-01,2.014285e+02,1.968623e+02,3150,3101,3.300773e+02,-3.202859e+02,4.895717e+00,5.374903e+00,2.447580e+00,1.343726e+00
2.661673e+01,6.543032e-01,1.753783e+02,2.212130e+02,-152,-152,-3.304435e+02,3.304435e+02,0.000000e+00,-5.461875e+00,3.149959e+01,-1.365469e+00
2.670114e+01,1.097875e+00,1.783077e+02,2.250085e+02,-864,-864,-4.729077e+02,4.729077e+02,0.000000e+00,-7.816656e+00,3.210564e+01,-1.954164e+00
2.679127e+01,5.251240e-01,2.009944e+02,1.971613e+02,3193,3152,3.386056e+02,-3.305732e+02,4.016235e+00,5.530403e+00,2.007839e+00,1.382601e+00
2.689496e+01,5.251240e-01,1.906267e+02,4.289556e+02,-986,-986,-4.973109e+02,4.973109e+02,0.000000e+00,-8.220014e+00,2.281473e+02,-2.055004e+00
2.697993e+01,5.251240e-01,1.936267e+02,4.199556e+02,-1001,-1001,-5.002026e+02,5.002026e+02,0.000000e+00,-8.267811e+00,2.190479e+02,-2.066953e+00
2.716181e+01,5.251240e-01,2.036267e+02,4.049556e+02,-1057,-1057,-5.114944e+02,5.114944e+02,0.000000e+00,-8.454453e+00,2.039876e+02,-2.113613e+00
2.723837e+01,5.251240e-01,2.076339e+02,3.989866e+02,-1082,-1082,-5.164923e+02,5.164923e+02,0.000000e+00,-8.537062e+00,1.981330e+02,-2.134266e+00
2.735623e+01,5.251240e-01,2.146339e+02,3.889866e+02,-1129,-1129,-5.259143e+02,5.259143e+02,0.000000e+00,-8.692799e+00,1.885523e+02,-2.173200e+00
2.743635e+01,5.251240e-01,2.196339e+02,3.829866e+02,-1165,-1165,-5.330796e+02,5.330796e+02,0.000000e+00,-8.811234e+00,1.830369e+02,-2.202808e+00
2.753498e+01,5.251240e-01,2.246339e+02,3.749866e+02,-1205,-1205,-5.410581e+02,5.410581e+02,0.000000e+00,-8.943109e+00,1.757120e+02,-2.235777e+00
2.762836e+01,5.251240e-01,2.306339e+02,3.669866e+02,-1255,-1255,-5.511197e+02,5.511197e+02,0.000000e+00,-9.109417e+00,1.687733e+02,-2.277354e+00
2.771452e+01,5.251240e-01,2.346339e+02,3.609866e+02,-1292,-1292,-5.584939e+02,5.584939e+02,0.000000e+00,-9.231304e+00,1.636700e+02,-2.307826e+00
2.780747e+01,5.251240e-01,2.406339e+02,3.529866e+02,-1350,-1350,-5.700384e+02,5.700384e+02,0.000000e+00,-9.422123e+00,1.572909e+02,-2.355531e+00
2.788819e+01,5.251240e-01,2.456339e+02,3.459866e+02,-1402,-1402,-5.805307e+02,5.805307e+02,0.000000e+00,-9.595548e+00,1.519528e+02,-2.398887e+00
2.799253e+01,5.251240e-01,2.516339e+02,3.369866e+02,-1472,-1472,-5.944438e+02,5.944438e+02,0.000000e+00,-9.825517e+00,1.453946e+02,-2.456379e+00
2.808234e+01,6.131855e-01,2.566267e+02,3.299556e+02,-1639,-1639,-6.279690e+02,6.279690e+02,0.000000e+00,-1.037965e+01,1.407569e+02,-2.594913e+00
2.818975e+01,5.410681e-01,2.626339e+02,3.209866e+02,-1633,-1633,-6.266750e+02,6.266750e+02,0.000000e+00,-1.035826e+01,1.352379e+02,-2.589566e+00
2.826872e+01,4.965580e-01,2.676339e+02,3.139866e+02,-1649,-1649,-6.298945e+02,6.298945e+02,0.000000e+00,-1.041148e+01,1.315417e+02,-2.602870e+00
2.835325e+01,5.067306e-01,2.706339e+02,3.099866e+02,-1704,-1704,-6.409135e+02,6.409135e+02,0.000000e+00,-1.059361e+01,1.297142e+02,-2.648403e+00
2.842930e+01,4.672624e-01,2.756267e+02,3.019556e+02,-1738,-1738,-6.476564e+02,6.476564e+02,0.000000e+00,-1.070506e+01,1.259422e+02,-2.676266e+00
2.850315e+01,4.461931e-01,2.806339e+02,2.949866e+02,-1792,-1792,-6.584441e+02,6.584441e+02,0.000000e+00,-1.088337e+01,1.235965e+02,-2.720843e+00
2.861623e+01,4.959963e-01,2.866339e+02,2.869866e+02,-1948,-1948,-6.897386e+02,6.897386e+02,0.000000e+00,-1.140064e+01,1.217685e+02,-2.850160e+00
2.870440e+01,5.215412e-01,2.926339e+02,2.789866e+02,-2078,-2078,-7.156156e+02,7.156156e+02,0.000000e+00,-1.182836e+01,1.207371e+02,-2.957089e+00
2.883264e+01,6.243051e-01,2.996339e+02,2.679866e+02,-2332,-2332,-7.664397e+02,7.664397e+02,0.000000e+00,-1.266843e+01,1.196196e+02,-3.167106e+00
2.890687e+01,6.705802e-01,3.036267e+02,2.619556e+02,-2460,-2460,-7.921432e+02,7.921432e+02,0.000000e+00,-1.309328e+01,1.197352e+02,-3.273319e+00
2.900390e+01,8.355448e-01,3.076267e+02,2.569556e+02,-2723,-2723,-8.446785e+02,8.446785e+02,0.000000e+00,-1.396163e+01,1.207680e+02,-3.490407e+00
2.909703e+01,8.111336e-01,3.146339e+02,2.469866e+02,-2812,-2812,-8.624223e+02,8.624223e+02,0.000000e+00,-1.425491e+01,1.228898e+02,-3.563728e+00
2.917495e+01,7.976005e-01,3.196339e+02,2.399866e+02,-2876,-2876,-8.752234e+02,8.752234e+02,0.000000e+00,-1.446650e+01,1.251396e+02,-3.616626e+00
2.928375e+01,7.976005e-01,3.234561e+02,2.440877e+02,-2851,-2851,-8.702795e+02,8.702795e+02,0.000000e+00,-1.438478e+01,1.300921e+02,-3.596196e+00
2.936212e+01,2.906659e+00,2.047458e+02,1.974666e+02,1543,1456,8.759783e+00,8.759783e+00,8.759783e+00,0.000000e+00,4.379613e+00,-2.554035e-01
2.945853e+01,2.906573e+00,2.047458e+02,1.974666e+02,1543,1456,8.760002e+00,8.760002e+00,8.760002e+00,0.000000e+00,4.379613e+00,-2.553171e-01
2.952837e+01,2.906504e+00,2.037458e+02,1.974666e+02,1535,1464,7.045005e+00,7.045005e+00,7.045005e+00,0.000000e+00,3.522026e+00,-3.595767e-01
2.961147e+01,2.906366e+00,2.027508e+02,1.974766e+02,1527,1472,5.466767e+00,5.466767e+00,5.466767e+00,0.000000e+00,2.732839e+00,-5.070871e-01
2.970916e+01,2.906245e+00,2.027582e+02,1.974847e+02,1527,1472,5.466964e+00,5.466964e+00,5.466964e+00,0.000000e+00,2.732869e+00,-5.040175e-01
2.978292e+01,2.906254e+00,2.017508e+02,1.974766e+02,1520,1479,4.143830e+00,4.143830e+00,4.143830e+00,0.000000e+00,2.071250e+00,-7.288961e-01
2.989788e+01,2.906059e+00,2.017448e+02,1.974859e+02,1520,1479,4.121975e+00,4.121975e+00,4.121975e+00,0.000000e+00,2.060271e+00,-7.285733e-01
2.996983e+01,2.906059e+00,2.017448e+02,1.984859e+02,1513,1486,2.621884e+00,2.621884e+00,2.621884e+00,0.000000e+00,1.310193e+00,-4.791986e-01
3.011805e+01,2.905631e+00,2.007448e+02,1.984859e+02,1506,1493,1.376355e+00,1.376355e+00,1.376355e+00,0.000000e+00,6.874114e-01,-8.776805e-01
3.019154e+01,2.905380e+00,2.007523e+02,1.984940e+02,1506,1493,1.368485e+00,1.368485e+00,1.368485e+00,0.000000e+00,6.834592e-01,-8.713365e-01
3.027860e+01,2.905126e+00,2.007664e+02,1.985113e+02,1506,1493,1.350373e+00,1.350373e+00,1.350373e+00,0.000000e+00,6.743867e-01,-8.589070e-01
3.036085e+01,2.905002e+00,2.007664e+02,1.985113e+02,1506,1493,1.350407e+00,1.350407e+00,1.350407e+00,0.000000e+00,6.743867e-01,-8.587837e-01
3.044309e+01,2.904731e+00,2.007691e+02,1.985220e+02,1506,1493,1.333886e+00,1.333886e+00,1.333886e+00,0.000000e+00,6.661097e-01,-8.541109e-01
3.054691e+01,2.904731e+00,2.007691e+02,1.985220e+02,1506,1493,1.333920e+00,1.333920e+00,1.333920e+00,0.000000e+00,6.661097e-01,-8.541109e-01
3.064858e+01,2.904481e+00,2.007691e+02,1.985220e+02,1506,1493,1.333953e+00,1.333953e+00,1.333953e+00,0.000000e+00,6.661097e-01,-8.538602e-01
3.074431e+01,2.904308e+00,2.007796e+02,1.985249e+02,1506,1493,1.338685e+00,1.338685e+00,1.338685e+00,0.000000e+00,6.684591e-01,-8.473400e-01
3.083224e+01,2.904211e+00,1.997796e+02,1.985249e+02,1504,1495,9.848101e-01,9.848101e-01,9.848101e-01,0.000000e+00,4.915093e-01,-1.481743e+00
3.092500e+01,2.904139e+00,1.997698e+02,1.985332e+02,1504,1495,9.714134e-01,9.714134e-01,9.714134e-01,0.000000e+00,4.847988e-01,-1.489021e+00
3.102012e+01,2.903905e+00,1.997854e+02,1.985328e+02,1504,1495,9.675518e-01,9.675518e-01,9.675518e-01,0.000000e+00,4.828559e-01,-1.478345e+00
3.110647e+01,2.903753e+00,1.997754e+02,1.985460e+02,1504,1495,9.444054e-01,9.444054e-01,9.444054e-01,0.000000e+00,4.712710e-01,-1.486190e+00
3.120596e+01,2.903351e+00,1.997791e+02,1.985564e+02,1504,1495,9.227840e-01,9.227840e-01,9.227840e-01,0.000000e+00,4.604487e-01,-1.484380e+00
3.129150e+01,2.903233e+00,1.997791e+02,1.985564e+02,1504,1495,9.228070e-01,9.228070e-01,9.228070e-01,0.000000e+00,4.604487e-01,-1.484262e+00
3.139275e+01,2.902685e+00,1.997751e+02,1.985667e+02,1504,1495,9.036364e-01,9.036364e-01,9.036364e-01,0.000000e+00,4.508522e-01,-1.487559e+00
3.147816e+01,2.902344e+00,1.997856e+02,1.985818e+02,1504,1495,8.706536e-01,8.706536e-01,8.706536e-01,0.000000e+00,4.343499e-01,-1.481580e+00
3.157284e+01,2.902422e+00,1.997755e+02,1.985778e+02,1504,1495,8.816343e-01,8.816343e-01,8.816343e-01,0.000000e+00,4.398292e-01,-1.488174e+00
3.164887e+01,2.902422e+00,1.997755e+02,1.985778e+02,1504,1495,8.816563e-01,8.816563e-01,8.816563e-01,0.000000e+00,4.398292e-01,-1.488174e+00
3.172694e+01,2.902073e+00,1.997913e+02,1.986025e+02,1504,1495,8.280518e-01,8.280518e-01,8.280518e-01,0.000000e+00,4.130167e-01,-1.479547e+00
3.182252e+01,2.901847e+00,1.997913e+02,1.986025e+02,1504,1495,8.280725e-01,8.280725e-01,8.280725e-01,0.000000e+00,4.130167e-01,-1.479320e+00
3.189774e+01,2.901942e+00,1.987847e+02,1.985947e+02,-973,-973,-4.946829e+02,4.946829e+02,0.000000e+00,-8.176577e+00,8.579287e-01,-2.044144e+00
3.201243e+01,2.712221e+00,1.988864e+02,1.979709e+02,-488,-488,-3.976934e+02,3.976934e+02,0.000000e+00,-6.573444e+00,1.314550e+00,-1.643361e+00
3.209921e+01,2.712221e+00,1.991559e+02,1.983687e+02,-458,-458,-3.917789e+02,3.917789e+02,0.000000e+00,-6.475685e+00,8.366996e-01,-1.618921e+00
3.218527e+01,2.427011e+00,1.990642e+02,1.974341e+02,1517,1482,3.464476e+00,3.464476e+00,3.464476e+00,0.000000e+00,1.731219e+00,-1.205925e+00
3.226355e+01,2.427011e+00,3.721878e+02,4.026507e+02,-4189,-4189,-1.137912e+03,1.137912e+03,0.000000e+00,-1.880846e+01,2.649246e+02,-4.702114e+00
3.234182e+01,2.427011e+00,1.982279e+02,1.977296e+02,-337,-337,-3.675900e+02,3.675900e+02,0.000000e+00,-6.075867e+00,1.880157e+00,-1.518967e+00
3.242935e+01,2.427011e+00,3.772018e+02,3.928947e+02,-4236,-4236,-1.147280e+03,1.147280e+03,0.000000e+00,-1.896331e+01,2.609329e+02,-4.740828e+00
3.250876e+01,2.427011e+00,3.816306e+02,3.890450e+02,-4263,-4263,-1.152696e+03,1.152696e+03,0.000000e+00,-1.905282e+01,2.611597e+02,-4.763206e+00
3.261209e+01,2.277995e+00,1.633248e+02,1.872009e+02,-850,-850,-4.700180e+02,4.700180e+02,0.000000e+00,-7.768893e+00,3.784443e+01,-1.942223e+00
3.269712e+01,2.277995e+00,1.974658e+02,1.976615e+02,-354,-354,-3.709222e+02,3.709222e+02,0.000000e+00,-6.130945e+00,2.448287e+00,-1.532736e+00
3.278826e+01,2.277995e+00,3.961282e+02,3.796581e+02,-4160,-4160,-1.132073e+03,1.132073e+03,0.000000e+00,-1.871196e+01,2.649762e+02,-4.677989e+00
3.289724e+01,1.379825e+00,1.959838e+02,1.975845e+02,1536,1463,7.375278e+00,7.375278e+00,7.375278e+00,0.000000e+00,3.686619e+00,-8.383451e-01
3.298802e+01,1.379565e+00,1.969947e+02,1.985828e+02,1523,1476,4.647461e+00,4.647461e+00,4.647461e+00,0.000000e+00,2.322653e+00,-9.389265e-01
3.315383e+01,1.379436e+00,1.969947e+02,1.995828e+02,1520,1479,4.070431e+00,4.070431e+00,4.070431e+00,0.000000e+00,2.034087e+00,-1.241505e+00
3.326546e+01,1.379436e+00,4.276435e+02,3.788783e+02,-3164,-3164,-9.329143e+02,9.329143e+02,0.000000e+00,-1.542007e+01,2.885151e+02,-3.855018e+00
3.334805e+01,1.379436e+00,3.931528e+02,4.431435e+02,-2882,-2882,-8.764148e+02,8.764148e+02,0.000000e+00,-1.448619e+01,3.095266e+02,-3.621549e+00
3.342257e+01,1.379436e+00,4.358384e+02,3.867511e+02,-3160,-3160,-9.320076e+02,9.320076e+02,0.000000e+00,-1.540508e+01,2.998251e+02,-3.851271e+00
3.351373e+01,9.667209e-01,1.963160e+02,2.002701e+02,1526,1473,5.389983e+00,5.389983e+00,5.389983e+00,0.000000e+00,2.693863e+00,-1.039915e+00
3.360718e+01,9.667209e-01,4.465939e+02,3.937991e+02,-2665,-2665,-8.330189e+02,8.330189e+02,0.000000e+00,-1.376891e+01,3.126346e+02,-3.442227e+00
3.371229e+01,9.667209e-01,3.815324e+02,4.284722e+02,-2382,-2382,-7.765600e+02,7.765600e+02,0.000000e+00,-1.283570e+01,2.908108e+02,-3.208926e+00
3.379867e+01,6.504368e-01,1.964799e+02,2.007756e+02,1526,1473,5.211354e+00,5.211354e+00,5.211354e+00,0.000000e+00,2.604549e+00,-8.673191e-01
3.390790e+01,6.506235e-01,1.964861e+02,2.018117e+02,1529,1470,5.909398e+00,5.909398e+00,5.909398e+00,0.000000e+00,2.953497e+00,-1.126665e+00
3.398587e+01,6.504865e-01,1.964908e+02,2.018017e+02,1529,1470,5.891936e+00,5.891936e+00,5.891936e+00,0.000000e+00,2.944692e+00,-1.124802e+00
3.411385e+01,6.502218e-01,1.974947e+02,2.017912e+02,1520,1479,4.162119e+00,4.162119e+00,4.162119e+00,0.000000e+00,2.079732e+00,-1.270926e+00
3.421497e+01,6.499222e-01,1.974947e+02,2.027744e+02,1527,1472,5.479112e+00,5.479112e+00,5.479112e+00,0.000000e+00,2.738160e+00,-1.486259e+00
3.430616e+01,6.498745e-01,1.984947e+02,2.027744e+02,-585,-585,-4.171033e+02,4.171033e+02,0.000000e+00,-6.894269e+00,2.156472e+00,-1.723567e+00
3.440092e+01,4.941543e-01,1.985424e+02,2.032478e+02,-488,-488,-3.976329e+02,3.976329e+02,0.000000e+00,-6.572445e+00,2.559901e+00,-1.643111e+00
3.449119e+01,3.421983e-01,1.978253e+02,2.033820e+02,1530,1469,6.044419e+00,6.044419e+00,6.044419e+00,0.000000e+00,3.020813e+00,-1.341538e+00
3.457999e+01,3.421935e-01,1.988356e+02,2.033852e+02,-413,-413,-3.827721e+02,3.827721e+02,0.000000e+00,-6.326812e+00,2.579885e+00,-1.581703e+00
3.467879e+01,1.806530e-01,1.983420e+02,2.040335e+02,1533,1466,6.724782e+00,6.724782e+00,6.724782e+00,0.000000e+00,3.360995e+00,-1.361448e+00
3.478744e+01,1.801800e-01,1.993461e+02,2.040132e+02,-423,-423,-3.846511e+02,3.846511e+02,0.000000e+00,-6.357869e+00,3.066100e+00,-1.589467e+00
3.487575e+01,3.233636e-02,1.990634e+02,2.047852e+02,1538,1461,7.754785e+00,7.754785e+00,7.754785e+00,0.000000e+00,3.875996e+00,-1.409852e+00
3.497801e+01,3.220868e-02,2.000593e+02,2.047749e+02,-454,-454,-3.909320e+02,3.909320e+02,0.000000e+00,-6.461685e+00,3.775293e+00,-1.615421e+00
3.507500e+01,-1.268951e-01,1.999418e+02,2.042315e+02,1532,1467,6.466529e+00,6.466529e+00,6.466529e+00,0.000000e+00,3.231868e+00,-1.430137e+00
3.517912e+01,-1.272252e-01,2.009418e+02,2.042315e+02,-511,-511,-4.023400e+02,4.023400e+02,0.000000e+00,-6.650247e+00,3.334999e+00,-1.662562e+00
3.527544e+01,-2.840271e-01,2.009089e+02,2.047955e+02,1538,1461,7.764460e+00,7.764460e+00,7.764460e+00,0.000000e+00,3.880834e+00,-1.474078e+00
3.537262e+01,-2.841213e-01,2.019089e+02,2.047955e+02,-515,-515,-4.030530e+02,4.030530e+02,0.000000e+00,-6.662033e+00,4.161425e+00,-1.665508e+00
3.544985e+01,-4.155335e-01,2.013372e+02,2.044927e+02,1536,1463,7.377688e+00,7.377688e+00,7.377688e+00,0.000000e+00,3.687448e+00,-1.444559e+00
3.554192e+01,-4.156492e-01,2.023372e+02,2.044927e+02,-478,-478,-3.956333e+02,3.956333e+02,0.000000e+00,-6.539394e+00,4.064248e+00,-1.634848e+00
3.563359e+01,-5.668364e-01,2.029453e+02,2.047263e+02,1545,1454,9.140583e+00,9.140583e+00,9.140583e+00,0.000000e+00,4.568895e+00,-1.561237e+00
3.573279e+01,-5.669680e-01,2.029453e+02,2.047263e+02,1545,1454,9.140812e+00,9.140812e+00,9.140812e+00,0.000000e+00,4.568895e+00,-1.561106e+00
3.588026e+01,-5.671179e-01,2.049347e+02,2.037285e+02,-832,-832,-4.664356e+02,4.664356e+02,0.000000e+00,-7.709680e+00,5.184858e+00,-1.927420e+00
3.595818e+01,-6.948156e-01,2.043470e+02,2.040561e+02,-552,-552,-4.104274e+02,4.104274e+02,0.000000e+00,-6.783923e+00,4.945494e+00,-1.695981e+00
3.609636e+01,-9.226456e-01,2.046990e+02,2.044342e+02,1554,1445,1.092468e+01,1.092468e+01,1.092468e+01,0.000000e+00,5.460831e+00,-1.462535e+00
3.617539e+01,-9.227797e-01,2.056932e+02,2.034242e+02,-529,-529,-4.059143e+02,4.059143e+02,0.000000e+00,-6.709327e+00,5.643600e+00,-1.677332e+00
3.626816e+01,-1.075424e+00,2.062789e+02,2.034874e+02,1561,1438,1.236780e+01,1.236780e+01,1.236780e+01,0.000000e+00,6.182390e+00,-1.559183e+00
3.635460e+01,-1.076045e+00,2.062560e+02,2.024653e+02,-545,-545,-4.090199e+02,4.090199e+02,0.000000e+00,-6.760660e+00,5.724262e+00,-1.690165e+00
3.644782e+01,-1.228237e+00,2.064105e+02,2.021802e+02,-418,-418,-3.836963e+02,3.836963e+02,0.000000e+00,-6.342088e+00,5.771063e+00,-1.585522e+00
3.653577e+01,-1.374236e+00,2.075465e+02,2.027606e+02,1570,1429,1.407422e+01,1.407422e+01,1.407422e+01,0.000000e+00,7.035598e+00,-1.416667e+00
3.663027e+01,-1.374363e+00,2.075358e+02,2.017631e+02,1567,1432,1.348190e+01,1.348190e+01,1.348190e+01,0.000000e+00,6.739269e+00,-1.537393e+00
3.673914e+01,-1.374531e+00,2.075244e+02,1.997520e+02,6924,6924,1.084928e+03,-1.084928e+03,0.000000e+00,1.793270e+01,6.528472e+00,4.483174e+00
3.683405e+01,-1.215293e+00,2.068722e+02,1.993425e+02,6656,6656,1.031284e+03,-1.031284e+03,0.000000e+00,1.704602e+01,5.903590e+00,4.261506e+00
3.694719e+01,-1.027292e+00,2.067153e+02,1.993331e+02,6424,6424,9.849148e+02,-9.849148e+02,0.000000e+00,1.627958e+01,5.748293e+00,4.069896e+00
3.702903e+01,-8.926991e-01,2.065346e+02,2.001575e+02,-1191,-1191,-5.383992e+02,5.383992e+02,0.000000e+00,-8.899160e+00,5.536466e+00,-2.224790e+00
3.714624e+01,-1.086661e+00,2.069227e+02,2.002580e+02,-941,-941,-4.882780e+02,4.882780e+02,0.000000e+00,-8.070711e+00,5.927477e+00,-2.017678e+00
3.722674e+01,-1.221611e+00,2.076249e+02,2.002577e+02,-782,-782,-4.564605e+02,4.564605e+02,0.000000e+00,-7.544802e+00,6.629211e+00,-1.886200e+00
3.735215e+01,-1.421658e+00,2.079128e+02,1.993680e+02,6925,6925,1.085020e+03,-1.085020e+03,0.000000e+00,1.793422e+01,6.937977e+00,4.483554e+00
3.742959e+01,-1.287576e+00,2.074329e+02,1.994925e+02,6776,6776,1.055360e+03,-1.055360e+03,0.000000e+00,1.744397e+01,6.450239e+00,4.360992e+00
3.751597e+01,-1.148214e+00,2.070125e+02,1.992326e+02,6558,6558,1.011755e+03,-1.011755e+03,0.000000e+00,1.672323e+01,6.054346e+00,4.180808e+00
3.759755e+01,-1.009206e+00,2.072827e+02,1.996665e+02,6467,6467,9.934204e+02,-9.934204e+02,0.000000e+00,1.642017e+01,6.290337e+00,4.105043e+00
3.767911e+01,-1.009206e+00,4.793274e+02,1.817920e+02,6443,6443,9.887408e+02,-9.887408e+02,0.000000e+00,1.634282e+01,2.789202e+02,4.085706e+00
3.778039e+01,-7.076603e-01,2.060899e+02,1.997543e+02,6108,6108,9.217620e+02,-9.217620e+02,0.000000e+00,1.523574e+01,5.094871e+00,3.808934e+00
3.787169e+01,-5.596328e-01,2.060690e+02,1.989713e+02,5775,5775,8.550650e+02,-8.550650e+02,0.000000e+00,1.413331e+01,5.155590e+00,3.533326e+00
3.797664e+01,-5.596328e-01,4.312991e+02,2.370234e+02,-1432,-1432,-5.864239e+02,5.864239e+02,0.000000e+00,-9.692957e+00,2.332434e+02,-2.423239e+00
3.808703e+01,-5.678419e-01,2.059256e+02,1.997218e+02,5931,5931,8.863292e+02,-8.863292e+02,0.000000e+00,1.465007e+01,4.932160e+00,3.662517e+00
3.818461e+01,-4.060372e-01,2.055248e+02,1.987664e+02,5526,5526,8.053627e+02,-8.053627e+02,0.000000e+00,1.331178e+01,4.660853e+00,3.327945e+00
3.826174e+01,-2.789293e-01,2.059344e+02,1.990113e+02,5439,5439,7.878153e+02,-7.878153e+02,0.000000e+00,1.302174e+01,5.016160e+00,3.255435e+00
3.836554e+01,-1.089087e-01,2.059652e+02,1.988809e+02,5208,5208,7.417430e+02,-7.417430e+02,0.000000e+00,1.226022e+01,5.069282e+00,3.065054e+00
3.844729e+01,2.695419e-02,2.060438e+02,1.986220e+02,4997,4997,6.994926e+02,-6.994926e+02,0.000000e+00,1.156186e+01,5.198915e+00,2.890465e+00
3.852373e+01,1.539316e-01,2.055648e+02,1.980753e+02,4712,4712,6.424296e+02,-6.424296e+02,0.000000e+00,1.061867e+01,4.888209e+00,2.654668e+00
3.863476e+01,3.363293e-01,2.058863e+02,1.972093e+02,4358,4358,5.717364e+02,-5.717364e+02,0.000000e+00,9.450188e+00,5.514323e+00,2.362547e+00
3.871468e+01,4.699181e-01,2.060034e+02,1.975196e+02,4258,4258,5.517276e+02,-5.517276e+02,0.000000e+00,9.119465e+00,5.495627e+00,2.279866e+00
3.884284e+01,1.105837e+00,1.829871e+02,2.241293e+02,-995,-995,-4.991275e+02,4.991275e+02,0.000000e+00,-8.250041e+00,2.852395e+01,-2.062510e+00
3.892504e+01,5.463452e-01,2.055647e+02,1.968138e+02,4011,4011,5.022070e+02,-5.022070e+02,0.000000e+00,8.300941e+00,5.412337e+00,2.075235e+00
3.907183e+01,5.463452e-01,1.806509e+02,2.223750e+02,-199,-199,-3.398012e+02,3.398012e+02,0.000000e+00,-5.616549e+00,2.858090e+01,-1.404137e+00
3.915892e+01,5.463452e-01,2.057188e+02,1.974764e+02,4137,4137,5.274792e+02,-5.274792e+02,0.000000e+00,8.718664e+00,5.250821e+00,2.179666e+00
3.926893e+01,1.244866e+00,1.790295e+02,2.212278e+02,-963,-963,-4.927999e+02,4.927999e+02,0.000000e+00,-8.145453e+00,2.883927e+01,-2.036363e+00
3.934376e+01,1.121966e+00,1.822128e+02,2.241915e+02,-991,-991,-4.982191e+02,4.982191e+02,0.000000e+00,-8.235027e+00,2.902689e+01,-2.058757e+00
3.945252e+01,5.183154e-01,2.061459e+02,1.969872e+02,4122,4122,5.245326e+02,-5.245326e+02,0.000000e+00,8.669960e+00,5.844597e+00,2.167490e+00
3.953900e+01,5.183154e-01,4.266140e+02,2.155395e+02,-2845,-2845,-8.691292e+02,8.691292e+02,0.000000e+00,-1.436577e+01,2.261462e+02,-3.591443e+00
3.962502e+01,5.183154e-01,4.281316e+02,2.190132e+02,-2827,-2827,-8.655753e+02,8.655753e+02,0.000000e+00,-1.430703e+01,2.279225e+02,-3.576757e+00
3.971934e+01,5.183154e-01,4.332467e+02,2.213524e+02,-2818,-2818,-8.636056e+02,8.636056e+02,0.000000e+00,-1.427447e+01,2.332220e+02,-3.568618e+00
3.979284e+01,5.183154e-01,2.058722e+02,1.981090e+02,4297,4297,5.594402e+02,-5.594402e+02,0.000000e+00,9.246945e+00,5.169199e+00,2.311736e+00
3.989245e+01,5.183154e-01,4.400487e+02,2.270133e+02,-2792,-2792,-8.585790e+02,8.585790e+02,0.000000e+00,-1.419139e+01,2.405638e+02,-3.547847e+00
3.996891e+01,2.784157e-01,2.055827e+02,1.972859e+02,4416,4416,5.833785e+02,-5.833785e+02,0.000000e+00,9.642620e+00,5.207473e+00,2.410655e+00
4.009357e+01,4.837615e-01,2.057420e+02,1.969227e+02,4120,4120,5.241358e+02,-5.241358e+02,0.000000e+00,8.663402e+00,5.514625e+00,2.165851e+00
4.015666e+01,5.910002e-01,2.057287e+02,1.970891e+02,4017,4017,5.034710e+02,-5.034710e+02,0.000000e+00,8.321834e+00,5.425826e+00,2.080459e+00
4.024535e+01,1.156320e+00,1.815498e+02,2.233030e+02,-989,-989,-4.978968e+02,4.978968e+02,0.000000e+00,-8.229699e+00,2.872275e+01,-2.057425e+00
4.036469e+01,1.156320e+00,2.058888e+02,1.973012e+02,3382,3382,3.764405e+02,-3.764405e+02,0.000000e+00,6.222157e+00,5.477786e+00,1.555539e+00
4.045676e+01,1.103815e+00,1.831021e+02,2.241149e+02,-996,-996,-4.993428e+02,4.993428e+02,0.000000e+00,-8.253600e+00,2.844599e+01,-2.063400e+00
4.057522e+01,9.065822e-01,1.888745e+02,2.294156e+02,-1060,-1060,-5.120208e+02,5.120208e+02,0.000000e+00,-8.463154e+00,3.044923e+01,-2.115788e+00
4.065700e+01,3.453497e-01,2.058212e+02,1.974989e+02,4392,4392,5.784847e+02,-5.784847e+02,0.000000e+00,9.561731e+00,5.335787e+00,2.390433e+00
4.077404e+01,9.614047e-01,1.872348e+02,2.280565e+02,-1047,-1047,-5.094612e+02,5.094612e+02,0.000000e+00,-8.420846e+00,2.982400e+01,-2.105212e+00
4.086824e+01,3.796486e-01,2.053352e+02,1.976350e+02,4337,4337,5.674165e+02,-5.674165e+02,0.000000e+00,9.378784e+00,4.835891e+00,2.344696e+00
4.098768e+01,5.770141e-01,2.060324e+02,1.967209e+02,4000,4000,5.001352e+02,-5.001352e+02,0.000000e+00,8.266697e+00,5.866083e+00,2.066674e+00
4.109553e+01,5.770141e-01,1.812814e+02,2.223377e+02,-254,-254,-3.509807e+02,3.509807e+02,0.000000e+00,-5.801334e+00,2.814374e+01,-1.450333e+00
4.121808e+01,9.767598e-01,1.864407e+02,2.272119e+02,-1023,-1023,-5.046377e+02,5.046377e+02,0.000000e+00,-8.341119e+00,2.940297e+01,-2.085280e+00
4.128640e+01,4.381070e-01,2.054378e+02,1.974559e+02,4241,4241,5.483449e+02,-5.483449e+02,0.000000e+00,9.063551e+00,5.003529e+00,2.265888e+00
4.139432e+01,6.161027e-01,2.052403e+02,1.968417e+02,3899,3899,4.799075e+02,-4.799075e+02,0.000000e+00,7.932355e+00,5.118493e+00,1.983089e+00
4.148644e+01,6.161027e-01,4.164206e+02,2.224346e+02,-2921,-2921,-8.843654e+02,8.843654e+02,0.000000e+00,-1.461761e+01,2.165803e+02,-3.654402e+00
4.159345e+01,5.986148e-01,2.055831e+02,1.973307e+02,4037,4037,5.074744e+02,-5.074744e+02,0.000000e+00,8.388007e+00,5.188435e+00,2.097002e+00
4.168948e+01,5.986148e-01,4.267535e+02,2.336977e+02,-2847,-2847,-8.694280e+02,8.694280e+02,0.000000e+00,-1.437071e+01,2.282437e+02,-3.592678e+00
4.177318e+01,5.986148e-01,4.319442e+02,2.343116e+02,-2847,-2847,-8.695888e+02,8.695888e+02,0.000000e+00,-1.437337e+01,2.334683e+02,-3.593342e+00
4.187576e+01,5.986148e-01,2.051591e+02,1.971286e+02,3962,3962,4.924952e+02,-4.924952e+02,0.000000e+00,8.140416e+00,4.904372e+00,2.035104e+00
4.219406e+01,1.406144e+00,1.759828e+02,2.160815e+02,-915,-915,-4.830718e+02,4.830718e+02,0.000000e+00,-7.984657e+00,2.790399e+01,-1.996164e+00
4.230509e+01,1.219220e+00,1.802876e+02,2.211116e+02,-967,-967,-4.934082e+02,4.934082e+02,0.000000e+00,-8.155507e+00,2.788390e+01,-2.038877e+00
4.238594e+01,1.219220e+00,1.830730e+02,2.251073e+02,-1158,-1158,-5.316315e+02,5.316315e+02,0.000000e+00,-8.787297e+00,2.928037e+01,-2.196824e+00
4.248992e+01,4.865250e-01,2.056971e+02,1.969962e+02,4125,4125,5.251076e+02,-5.251076e+02,0.000000e+00,8.679464e+00,5.440497e+00,2.169866e+00
4.256697e+01,6.124894e-01,2.053139e+02,1.967574e+02,3897,3897,4.794539e+02,-4.794539e+02,0.000000e+00,7.924858e+00,5.225128e+00,1.981214e+00
4.266138e+01,1.185421e+00,1.810254e+02,2.223390e+02,-983,-983,-4.966024e+02,4.966024e+02,0.000000e+00,-8.208304e+00,2.830981e+01,-2.052076e+00
4.274801e+01,1.185421e+00,2.053881e+02,1.976419e+02,3367,3367,3.735601e+02,-3.735601e+02,0.000000e+00,6.174548e+00,4.881489e+00,1.543637e+00
4.283177e+01,1.171514e+00,1.817839e+02,2.233475e+02,-1016,-1016,-5.032993e+02,5.032993e+02,0.000000e+00,-8.318996e+00,2.861301e+01,-2.079749e+00
