5.354100e-03,4.940326e-01,1.975454e+02,3.992578e+02,722,722,-1.555010e+02,1.555010e+02,0.000000e+00,-2.570265e+00,2.777138e+01,-6.425663e-01,-6.276708e-01,1.499010e+00,5.386846e+02,3.575629e+02
1.124790e-01,3.208742e-01,1.970231e+02,3.997407e+02,757,757,-1.485491e+02,1.485491e+02,0.000000e+00,-2.455357e+00,2.926655e+01,-6.138392e-01,-6.461766e-01,1.498805e+00,4.996846e+02,3.215629e+02
2.194993e-01,1.423062e-01,1.976672e+02,3.996252e+02,970,970,-1.059520e+02,1.059520e+02,0.000000e+00,-1.751273e+00,2.861662e+01,-4.378181e-01,-4.540302e-01,1.498805e+00,4.996846e+02,3.215629e+02
3.446389e-01,-6.424410e-02,1.980415e+02,4.004143e+02,1818,652,6.373951e+01,1.695096e+02,1.166245e+02,-8.741326e-01,2.915613e+01,-2.185331e-01,-2.338395e-01,1.498805e+00,4.996846e+02,3.215629e+02
4.361060e-01,-9.109797e-02,2.050177e+02,3.995096e+02,1817,688,6.359245e+01,1.623881e+02,1.129903e+02,-8.164932e-01,2.824757e+01,-2.041233e-01,-1.893209e-01,1.498805e+00,4.996846e+02,3.215629e+02
6.014976e-01,-1.409796e-01,2.188644e+02,3.977178e+02,1844,744,6.889746e+01,1.511156e+02,1.100065e+02,-6.794887e-01,2.750163e+01,-1.698722e-01,-1.444105e-01,1.498805e+00,4.996846e+02,3.215629e+02
6.997858e-01,-1.409796e-01,2.267281e+02,3.968428e+02,1844,737,6.891692e+01,1.524403e+02,1.106786e+02,-6.902762e-01,2.766966e+01,-1.725690e-01,-1.438172e-01,1.498805e+00,4.996846e+02,3.215629e+02
8.187742e-01,-1.978208e-01,2.365392e+02,3.957941e+02,1887,761,7.758522e+01,1.476555e+02,1.126204e+02,-5.790933e-01,2.815509e+01,-1.447733e-01,-9.418629e-02,1.498805e+00,4.996846e+02,3.215629e+02
9.698794e-01,-2.254396e-01,2.493145e+02,3.927902e+02,1928,794,8.576321e+01,1.411611e+02,1.134622e+02,-4.578339e-01,2.836554e+01,-1.144585e-01,-6.243666e-02,1.498805e+00,4.996846e+02,3.215629e+02
1.116523e+00,-2.432098e-01,2.631968e+02,3.892202e+02,1940,795,8.809827e+01,1.408785e+02,1.144884e+02,-4.362005e-01,2.862210e+01,-1.090501e-01,-1.059878e-01,1.498872e+00,4.986783e+02,3.075494e+02
1.208145e+00,-2.516689e-01,2.711319e+02,3.879073e+02,1867,731,7.350377e+01,1.536037e+02,1.135537e+02,-6.619830e-01,2.838843e+01,-1.654957e-01,-1.432729e-01,1.498872e+00,4.976783e+02,2.985494e+02
1.290459e+00,-2.697384e-01,2.789502e+02,3.853064e+02,1848,736,6.971352e+01,1.527696e+02,1.112415e+02,-6.864137e-01,2.781039e+01,-1.716034e-01,-1.622953e-01,1.498490e+00,4.976999e+02,2.905680e+02
1.381584e+00,-2.925076e-01,2.858298e+02,3.835282e+02,1819,662,6.387456e+01,1.675846e+02,1.157296e+02,-8.571075e-01,2.893239e+01,-2.142769e-01,-1.852008e-01,1.498285e+00,4.966999e+02,2.815680e+02
1.470836e+00,-3.188139e-01,2.925824e+02,3.816307e+02,1795,641,5.908405e+01,1.716288e+02,1.153564e+02,-9.301219e-01,2.883911e+01,-2.325305e-01,-2.048824e-01,1.498872e+00,4.956783e+02,2.725494e+02
1.580183e+00,-3.571491e-01,3.011057e+02,3.783481e+02,1804,653,6.094032e+01,1.693180e+02,1.151292e+02,-8.956836e-01,2.878229e+01,-2.239209e-01,-2.181376e-01,1.498872e+00,4.956783e+02,2.615494e+02
1.663784e+00,-3.830377e-01,3.078038e+02,3.765377e+02,2026,2026,1.052348e+02,-1.052348e+02,0.000000e+00,1.739419e+00,2.723406e+01,4.348547e-01,-2.262799e-01,1.498872e+00,4.946783e+02,2.555494e+02
1.734941e+00,-2.648143e-01,3.070196e+02,3.764940e+02,1995,853,9.911136e+01,1.292663e+02,1.141888e+02,-2.492148e-01,2.854721e+01,-6.230369e-02,-3.752346e-01,1.498285e+00,4.946999e+02,2.465680e+02
1.818479e+00,-2.652874e-01,3.149992e+02,3.744872e+02,2340,1259,1.680094e+02,4.803051e+01,1.080200e+02,9.915613e-01,2.700499e+01,2.478903e-01,-4.482723e-01,1.498285e+00,4.936999e+02,2.375680e+02
1.900533e+00,-2.296285e-01,3.212957e+02,3.726779e+02,61,61,-2.877402e+02,2.877402e+02,0.000000e+00,-4.756037e+00,3.003645e+01,-1.189009e+00,-1.898844e+00,2.293784e+00,3.291013e+02,3.291013e+02
1.965480e+00,-3.376511e-01,3.213214e+02,3.730139e+02,281,281,-2.436700e+02,2.436700e+02,0.000000e+00,-4.027604e+00,2.877264e+01,-1.006901e+00,-7.439782e-01,2.255642e+00,3.328681e+02,3.328681e+02
2.045564e+00,-4.691090e-01,3.216563e+02,3.727592e+02,621,621,-1.756887e+02,1.756887e+02,0.000000e+00,-2.903945e+00,2.991551e+01,-7.259862e-01,-5.949439e-01,2.207517e+00,3.372869e+02,3.372869e+02
2.137154e+00,-6.215435e-01,3.219328e+02,3.731506e+02,1004,1004,-9.910139e+01,9.910139e+01,0.000000e+00,-1.638039e+00,2.831847e+01,-4.095099e-01,-3.509655e-01,2.157676e+00,3.424549e+02,3.424549e+02
2.213332e+00,-6.215435e-01,3.221448e+02,3.736881e+02,1859,696,7.196469e+01,1.607454e+02,1.163550e+02,-7.337248e-01,2.908840e+01,-1.834312e-01,8.451213e-01,1.316793e+00,4.955978e+02,2.093915e+02
2.286480e+00,-3.383196e-01,3.513803e+02,3.953803e+02,765,765,-1.468161e+02,1.468161e+02,0.000000e+00,-2.426713e+00,2.908078e+01,-6.066782e-01,3.767475e-01,1.242669e+00,4.925064e+02,2.104237e+02
2.353667e+00,-3.383196e-01,3.270588e+02,3.695548e+02,941,941,-1.116873e+02,1.116873e+02,0.000000e+00,-1.846071e+00,2.905237e+01,-4.615176e-01,5.206715e-01,1.063597e+00,4.966658e+02,2.088910e+02
2.429272e+00,-3.383196e-01,3.265805e+02,3.698485e+02,918,918,-1.163712e+02,1.163712e+02,0.000000e+00,-1.923490e+00,2.890506e+01,-4.808726e-01,5.191514e-01,9.390235e-01,4.966622e+02,2.082155e+02
2.519923e+00,-3.383196e-01,3.269966e+02,3.692112e+02,923,923,-1.152828e+02,1.152828e+02,0.000000e+00,-1.905501e+00,2.815564e+01,-4.763753e-01,5.161769e-01,7.875749e-01,4.972535e+02,2.064833e+02
2.586904e+00,-3.383196e-01,3.273737e+02,3.698271e+02,897,897,-1.204390e+02,1.204390e+02,0.000000e+00,-1.990727e+00,2.976556e+01,-4.976816e-01,4.910910e-01,7.377857e-01,4.915299e+02,2.061484e+02
2.682223e+00,-3.383196e-01,3.280437e+02,3.694306e+02,1844,676,6.886401e+01,1.647116e+02,1.167878e+02,-7.921289e-01,2.919659e+01,-1.980322e-01,4.437064e-01,7.368368e-01,4.835547e+02,2.010712e+02
2.751901e+00,-3.383196e-01,3.283704e+02,3.633142e+02,2213,1080,1.426133e+02,8.393040e+01,1.132719e+02,4.849830e-01,2.831760e+01,1.212458e-01,4.252936e-01,7.368368e-01,4.775547e+02,1.970712e+02
2.831648e+00,-3.383196e-01,3.297343e+02,3.563675e+02,-1877,-1877,-6.754985e+02,6.754985e+02,0.000000e+00,-1.116526e+01,2.973646e+01,-2.791316e+00,-1.201752e+00,2.056105e+00,3.182637e+02,3.182637e+02
2.900102e+00,-3.383196e-01,3.298242e+02,3.559518e+02,770,770,-1.459064e+02,1.459064e+02,0.000000e+00,-2.411677e+00,2.986994e+01,-6.029192e-01,1.371814e+00,7.368368e-01,4.675547e+02,1.870712e+02
2.968695e+00,-3.383196e-01,3.363377e+02,3.363377e+02,393,393,-2.212651e+02,2.212651e+02,0.000000e+00,-3.657274e+00,2.988789e+01,-9.143186e-01,3.607833e-01,7.368368e-01,4.615547e+02,1.820712e+02
3.047636e+00,-3.383196e-01,3.470891e+02,3.470891e+02,-115,-115,-3.230178e+02,3.230178e+02,0.000000e+00,-5.339138e+00,2.924729e+01,-1.334784e+00,2.382734e-01,7.368368e-01,4.565547e+02,1.770712e+02
3.127139e+00,-3.383196e-01,3.308095e+02,3.557676e+02,633,633,-1.733449e+02,1.733449e+02,0.000000e+00,-2.865204e+00,2.977755e+01,-7.163011e-01,2.514966e-01,7.369075e-01,4.505547e+02,1.710712e+02
3.203395e+00,-3.383196e-01,3.307592e+02,3.563437e+02,608,608,-1.783287e+02,1.783287e+02,0.000000e+00,-2.947582e+00,2.894645e+01,-7.368954e-01,2.119426e-01,7.368483e-01,4.445432e+02,1.660621e+02
3.282870e+00,-3.383196e-01,3.307557e+02,3.556461e+02,549,549,-1.901436e+02,1.901436e+02,0.000000e+00,-3.142869e+00,2.965477e+01,-7.857172e-01,2.438458e+00,-1.285290e+00,4.385407e+02,1.610661e+02
3.363216e+00,-3.383196e-01,3.309740e+02,3.555081e+02,507,507,-1.985211e+02,1.985211e+02,0.000000e+00,-3.281340e+00,2.902199e+01,-8.203350e-01,-1.861771e+00,7.369076e-01,4.325407e+02,1.550661e+02
3.434099e+00,-3.383196e-01,3.310838e+02,3.553826e+02,489,489,-2.020659e+02,2.020659e+02,0.000000e+00,-3.339932e+00,2.978255e+01,-8.349829e-01,-8.894923e-01,7.377857e-01,4.275299e+02,1.511484e+02
3.529833e+00,-2.578354e+00,3.316728e+02,3.546702e+02,4339,4339,5.679975e+02,-5.679975e+02,0.000000e+00,9.388388e+00,2.810190e+01,2.347097e+00,1.306223e+00,7.369192e-01,4.205293e+02,1.440570e+02
3.606931e+00,-2.578354e+00,3.314126e+02,3.551162e+02,3104,3104,3.208091e+02,-3.208091e+02,0.000000e+00,5.302629e+00,2.965408e+01,1.325657e+00,5.192547e-01,7.370301e-01,4.145293e+02,1.390570e+02
3.699758e+00,-2.578354e+00,3.312501e+02,3.552671e+02,3070,3070,3.141322e+02,-3.141322e+02,0.000000e+00,5.192268e+00,2.954705e+01,1.298067e+00,4.802856e-01,7.369192e-01,4.075293e+02,1.330570e+02
3.795128e+00,-2.578354e+00,3.307208e+02,3.560833e+02,3015,3015,3.031794e+02,-3.031794e+02,0.000000e+00,5.011230e+00,2.898038e+01,1.252807e+00,2.045741e+00,-1.461597e+00,4.005293e+02,1.260570e+02
3.869683e+00,-2.578354e+00,3.304932e+02,3.560426e+02,2985,2985,2.971665e+02,-2.971665e+02,0.000000e+00,4.911843e+00,2.876255e+01,1.227961e+00,-1.584396e+00,7.370301e-01,3.955293e+02,1.210570e+02
3.944708e+00,-2.578354e+00,3.306170e+02,3.564184e+02,2969,2969,2.938837e+02,-2.938837e+02,0.000000e+00,4.857582e+00,3.008088e+01,1.214395e+00,-6.144853e-01,7.370301e-01,3.895293e+02,1.160570e+02
4.033989e+00,-2.578354e+00,3.306523e+02,3.562847e+02,2930,2930,2.861252e+02,-2.861252e+02,0.000000e+00,4.729342e+00,2.975321e+01,1.182336e+00,-6.462986e-01,7.369899e-01,3.835293e+02,1.100570e+02
4.116615e+00,-2.578354e+00,3.303834e+02,3.559558e+02,2898,2898,2.796556e+02,-2.796556e+02,0.000000e+00,4.622406e+00,3.029820e+01,1.155602e+00,-6.745628e-01,7.369899e-01,3.775293e+02,1.050570e+02
4.204065e+00,-2.578354e+00,3.294300e+02,3.561796e+02,825,825,-1.348756e+02,1.348756e+02,0.000000e+00,-2.229348e+00,2.943050e+01,-5.573370e-01,-2.147578e-01,1.536500e+00,3.210185e+02,3.210185e+02
4.287102e+00,-2.578354e+00,3.305147e+02,3.559182e+02,2816,2816,2.632399e+02,-2.632399e+02,0.000000e+00,4.351073e+00,3.001796e+01,1.087768e+00,-7.381207e-01,7.369192e-01,3.645293e+02,9.305700e+01
4.361933e+00,-2.578354e+00,3.299298e+02,3.561036e+02,822,822,-1.354935e+02,1.354935e+02,0.000000e+00,-2.239562e+00,2.993000e+01,-5.598904e-01,-1.339107e-01,1.490777e+00,3.226866e+02,3.226866e+02
4.438170e+00,-2.578354e+00,3.304802e+02,3.559208e+02,2778,2778,2.557140e+02,-2.557140e+02,0.000000e+00,4.226678e+00,2.995811e+01,1.056670e+00,-7.880546e-01,7.369192e-01,3.535293e+02,8.305700e+01
4.519749e+00,-2.578354e+00,3.301413e+02,3.561586e+02,824,824,-1.350305e+02,1.350305e+02,0.000000e+00,-2.231910e+00,2.914172e+01,-5.579774e-01,-1.628336e-01,1.457676e+00,3.222983e+02,3.222983e+02
4.606876e+00,-2.578354e+00,3.301007e+02,3.559035e+02,2754,2754,2.508694e+02,-2.508694e+02,0.000000e+00,4.146601e+00,2.991655e+01,1.036650e+00,-8.338744e-01,7.081854e-01,3.425193e+02,7.304633e+01
4.687189e+00,-2.578354e+00,3.297860e+02,3.560677e+02,821,821,-1.357717e+02,1.357717e+02,0.000000e+00,-2.244160e+00,2.978608e+01,-5.610399e-01,-1.235867e-01,1.448669e+00,3.227862e+02,3.227862e+02
4.765540e+00,-2.578354e+00,3.302761e+02,3.559561e+02,2747,2747,2.494870e+02,-2.494870e+02,0.000000e+00,4.123752e+00,2.996459e+01,1.030938e+00,-8.389859e-01,7.851779e-01,3.416120e+02,7.091053e+01
4.847892e+00,-2.578354e+00,3.300898e+02,3.561278e+02,823,823,-1.352762e+02,1.352762e+02,0.000000e+00,-2.235970e+00,2.909009e+01,-5.589925e-01,-1.573901e-01,1.444149e+00,3.223547e+02,3.223547e+02
4.921094e+00,-2.578354e+00,3.298760e+02,3.558817e+02,2724,2724,2.448003e+02,-2.448003e+02,0.000000e+00,4.046287e+00,2.988194e+01,1.011572e+00,-8.298989e-01,5.765739e-01,3.440327e+02,6.862270e+01
4.999822e+00,-2.578354e+00,3.295472e+02,3.561615e+02,824,824,-1.350243e+02,1.350243e+02,0.000000e+00,-2.231807e+00,2.954760e+01,-5.579516e-01,-2.236465e-01,1.403941e+00,3.209082e+02,3.209082e+02
5.084379e+00,-2.578354e+00,3.305620e+02,3.559241e+02,2736,2736,2.472561e+02,-2.472561e+02,0.000000e+00,4.086877e+00,2.992716e+01,1.021719e+00,-8.375780e-01,3.640470e-01,3.424492e+02,6.970478e+01
5.154800e+00,-2.578354e+00,3.296046e+02,3.560767e+02,2735,2735,2.470101e+02,-2.470101e+02,0.000000e+00,4.082812e+00,2.907926e+01,1.020703e+00,-8.351335e-01,2.472986e-01,3.420790e+02,7.045083e+01
5.231139e+00,-1.360558e+00,3.300162e+02,3.568747e+02,1881,686,7.639348e+01,1.627321e+02,1.195628e+02,-7.135426e-01,2.989034e+01,-1.783857e-01,-2.058311e+00,1.226538e-01,3.412160e+02,6.978721e+01
5.321288e+00,-1.360558e+00,3.313966e+02,3.486768e+02,1863,675,7.261424e+01,1.648508e+02,1.187325e+02,-7.622858e-01,2.968277e+01,-1.905714e-01,-1.801356e-01,-7.308781e-02,3.415095e+02,6.526779e+01
5.387382e+00,-1.393026e+00,3.329376e+02,3.426098e+02,1840,655,6.806727e+01,1.689287e+02,1.184980e+02,-8.335655e-01,2.962413e+01,-2.083914e-01,-1.523367e-01,-1.343934e-01,3.417653e+02,6.982479e+01
5.473398e+00,-1.393026e+00,3.341048e+02,3.364314e+02,1869,692,7.387363e+01,1.615821e+02,1.177278e+02,-7.248630e-01,2.943160e+01,-1.812158e-01,-4.980904e-01,-3.230533e-01,3.396925e+02,6.490512e+01
5.555373e+00,-1.393026e+00,3.345138e+02,3.293273e+02,1851,677,7.020824e+01,1.644478e+02,1.173280e+02,-7.788396e-01,2.933165e+01,-1.947099e-01,-5.084323e-01,-4.590401e-01,3.396486e+02,6.504335e+01
5.648290e+00,-1.457420e+00,3.356751e+02,3.211928e+02,1919,751,8.395570e+01,1.496497e+02,1.168027e+02,-5.429260e-01,2.920032e+01,-1.357315e-01,-4.564051e-01,-6.155655e-01,3.385926e+02,6.477613e+01
5.770039e+00,-1.472529e+00,3.371167e+02,3.101434e+02,-513,-513,-4.027612e+02,4.027612e+02,0.000000e+00,-6.657210e+00,2.911708e+01,-1.664302e+00,-4.545669e-01,-7.887051e-01,3.353701e+02,6.563452e+01
5.851317e+00,-1.610056e+00,3.373201e+02,3.099591e+02,-314,-314,-3.629795e+02,3.629795e+02,0.000000e+00,-5.999661e+00,2.933524e+01,-1.499915e+00,-3.471522e-01,-7.887125e-01,3.343240e+02,7.665049e+01
5.929984e+00,-1.739229e+00,3.378162e+02,3.103035e+02,-184,-184,-3.369885e+02,3.369885e+02,0.000000e+00,-5.570059e+00,2.981765e+01,-1.392515e+00,-2.348641e-01,-7.887837e-01,3.293427e+02,8.062978e+01
6.003687e+00,-1.862356e+00,3.375800e+02,3.101754e+02,-40,-40,-3.081872e+02,3.081872e+02,0.000000e+00,-5.094004e+00,2.958048e+01,-1.273501e+00,2.604133e-01,2.646114e-01,3.233810e+02,8.762506e+01
6.080391e+00,-1.988516e+00,3.384022e+02,3.096724e+02,131,131,-2.736927e+02,2.736927e+02,0.000000e+00,-4.523847e+00,2.940962e+01,-1.130962e+00,3.739912e-01,2.831566e-01,3.183427e+02,9.262978e+01
6.155502e+00,-2.110745e+00,3.385507e+02,3.095187e+02,2091,908,1.182220e+02,1.182220e+02,1.182220e+02,0.000000e+00,2.955514e+01,-1.013872e+00,4.815252e-01,3.029511e-01,3.123427e+02,9.762978e+01
6.222768e+00,-2.110710e+00,3.345507e+02,3.035187e+02,2091,908,1.182220e+02,1.182220e+02,1.182220e+02,0.000000e+00,2.955514e+01,-1.013907e+00,4.910457e-01,3.222841e-01,3.073427e+02,1.026298e+02
6.300233e+00,-1.677647e+00,3.614364e+02,2.785297e+02,2088,911,1.177657e+02,1.177657e+02,1.177657e+02,0.000000e+00,2.944105e+01,-1.446545e+00,-7.017975e-01,-7.401180e-01,3.056534e+02,1.070143e+02
6.390365e+00,-1.674352e+00,3.574364e+02,2.715297e+02,2088,911,1.177657e+02,1.177657e+02,1.177657e+02,0.000000e+00,2.944105e+01,-1.449840e+00,-2.204460e-01,-5.926312e-01,3.081117e+02,1.104934e+02
6.468322e+00,-1.674352e+00,3.534364e+02,2.645297e+02,-254,-254,-3.508613e+02,3.508613e+02,0.000000e+00,-5.799361e+00,2.944105e+01,-1.449840e+00,-2.224418e-01,-4.637748e-01,3.065451e+02,1.108614e+02
6.560272e+00,-1.674352e+00,3.222515e+02,2.824076e+02,-259,-259,-3.518117e+02,3.518117e+02,0.000000e+00,-5.815069e+00,2.925425e+01,-1.453767e+00,3.017213e-02,-3.398506e-01,3.065130e+02,1.112593e+02
6.639903e+00,-1.674352e+00,2.995286e+02,3.102863e+02,2229,1058,1.459881e+02,8.833493e+01,1.171615e+02,4.764722e-01,2.929001e+01,1.191181e-01,1.783005e-01,-1.799275e-01,3.061535e+02,1.131514e+02
6.731352e+00,-1.674352e+00,3.879736e+02,3.154902e+02,-256,-256,-3.512423e+02,3.512423e+02,0.000000e+00,-5.805658e+00,2.997749e+01,-1.451415e+00,-3.131587e-01,-2.715641e-02,3.055798e+02,1.130859e+02
6.822941e+00,-1.674352e+00,3.164979e+02,2.755209e+02,-254,-254,-3.509393e+02,3.509393e+02,0.000000e+00,-5.800649e+00,2.950238e+01,-1.450162e+00,2.130443e-02,9.284698e-02,3.004162e+02,1.136524e+02
6.887886e+00,-2.752818e+00,3.164874e+02,2.757211e+02,2089,910,1.179850e+02,1.179850e+02,1.179850e+02,0.000000e+00,2.949590e+01,-3.651274e-01,1.050813e+00,9.242324e-02,2.934134e+02,1.106182e+02
6.965996e+00,-2.752818e+00,3.094874e+02,2.717211e+02,1648,468,2.962422e+01,2.063459e+02,1.179850e+02,-1.460510e+00,2.949590e+01,-3.651274e-01,2.295775e-01,9.242324e-02,2.854134e+02,1.106182e+02
7.040757e+00,-2.767874e+00,3.057667e+02,2.700433e+02,2095,904,1.190683e+02,1.190683e+02,1.190683e+02,0.000000e+00,2.976671e+01,-3.723098e-01,2.228079e-01,9.231421e-02,2.784255e+02,1.096106e+02
7.103022e+00,-2.767874e+00,2.997667e+02,2.670433e+02,1644,454,2.896933e+01,2.091673e+02,1.190683e+02,-1.489239e+00,2.976671e+01,-3.723098e-01,2.240727e-01,9.242324e-02,2.724134e+02,1.096182e+02
7.179816e+00,-2.767874e+00,2.950173e+02,2.644789e+02,1647,486,2.950664e+01,2.026656e+02,1.160861e+02,-1.431066e+00,2.902117e+01,-3.577664e-01,2.016120e-01,9.242324e-02,2.644134e+02,1.096182e+02
7.256798e+00,-2.767874e+00,2.904037e+02,2.629386e+02,1673,496,3.470240e+01,2.006459e+02,1.176742e+02,-1.371434e+00,2.941818e+01,-3.428585e-01,1.779006e-01,9.242324e-02,2.564134e+02,1.086182e+02
7.318793e+00,-2.767874e+00,3.823452e+02,2.940684e+02,1637,463,2.748831e+01,2.072771e+02,1.173827e+02,-1.485858e+00,2.934532e+01,-3.714645e-01,-3.206229e-01,9.231421e-02,2.504255e+02,1.086106e+02
7.397816e+00,-2.767874e+00,3.806711e+02,2.917447e+02,1670,483,3.415647e+01,2.032876e+02,1.187220e+02,-1.397778e+00,2.968015e+01,-3.494445e-01,-3.532372e-01,9.242324e-02,2.424134e+02,1.086182e+02
7.457048e+00,-2.767874e+00,3.789235e+02,2.901007e+02,1650,453,3.004447e+01,2.093475e+02,1.196960e+02,-1.481843e+00,2.992364e+01,-3.704609e-01,-3.723798e-01,9.242324e-02,2.364134e+02,1.076182e+02
7.522558e+00,-2.767874e+00,2.738830e+02,2.579687e+02,1683,487,3.674221e+01,2.024460e+02,1.195941e+02,-1.369453e+00,2.989816e+01,-3.423632e-01,1.090650e-01,9.242324e-02,2.304134e+02,1.076182e+02
7.601887e+00,-2.767874e+00,2.685800e+02,2.563702e+02,1654,470,3.082050e+01,2.058406e+02,1.183306e+02,-1.446447e+00,2.958228e+01,-3.616118e-01,8.849368e-02,9.242324e-02,2.224134e+02,1.076182e+02
7.673931e+00,-3.014449e+00,2.643220e+02,2.558678e+02,2086,913,1.173393e+02,1.173393e+02,1.173393e+02,0.000000e+00,2.933445e+01,-9.853164e-02,3.089030e-01,9.242324e-02,2.144134e+02,1.066182e+02
7.736775e+00,-3.014449e+00,2.583220e+02,2.548678e+02,2086,913,1.173393e+02,1.173393e+02,1.173393e+02,0.000000e+00,2.933445e+01,-9.853164e-02,3.283523e-01,9.242324e-02,2.084134e+02,1.066182e+02
7.799257e+00,-3.014449e+00,2.513220e+02,2.538678e+02,2086,913,1.173393e+02,1.173393e+02,1.173393e+02,0.000000e+00,2.933445e+01,-9.853164e-02,3.343033e-01,9.242324e-02,2.024134e+02,1.066182e+02
7.862912e+00,-3.014342e+00,2.453220e+02,2.528678e+02,2086,913,1.173393e+02,1.173393e+02,1.173393e+02,0.000000e+00,2.933445e+01,-9.863911e-02,3.341958e-01,9.242324e-02,1.964134e+02,1.056182e+02
7.925272e+00,-3.014342e+00,2.393220e+02,2.518678e+02,2086,913,1.173393e+02,1.173393e+02,1.173393e+02,0.000000e+00,2.933445e+01,-9.863911e-02,3.264060e-01,9.242324e-02,1.894134e+02,1.056182e+02
8.005145e+00,-3.014342e+00,2.313220e+02,2.508678e+02,2086,913,1.173393e+02,1.173393e+02,1.173393e+02,0.000000e+00,2.933445e+01,-9.863911e-02,3.254704e-01,9.242324e-02,1.814134e+02,1.056182e+02
8.074055e+00,-3.014449e+00,2.243220e+02,2.498678e+02,2086,913,1.173393e+02,1.173393e+02,1.173393e+02,0.000000e+00,2.933445e+01,-9.853164e-02,3.325330e-01,9.242324e-02,1.754134e+02,1.046182e+02
8.136164e+00,-3.014449e+00,2.183220e+02,2.498678e+02,2086,913,1.173393e+02,1.173393e+02,1.173393e+02,0.000000e+00,2.933445e+01,-9.853164e-02,3.255839e-01,9.245898e-02,1.684134e+02,1.046182e+02
8.201339e+00,-3.014449e+00,2.123220e+02,2.488678e+02,2086,913,1.173393e+02,1.173393e+02,1.173393e+02,0.000000e+00,2.933445e+01,-9.853164e-02,3.246353e-01,9.245898e-02,1.624134e+02,1.046182e+02
8.276944e+00,-3.014449e+00,2.043220e+02,2.478678e+02,2086,913,1.173393e+02,1.173393e+02,1.173393e+02,0.000000e+00,2.933445e+01,-9.853164e-02,3.732812e-01,9.245898e-02,1.614134e+02,1.046182e+02
8.339165e+00,-3.014449e+00,1.983220e+02,2.468678e+02,2086,913,1.173393e+02,1.173393e+02,1.173393e+02,0.000000e+00,2.933445e+01,-9.853164e-02,4.591858e-01,9.245898e-02,1.674134e+02,1.046182e+02
8.400350e+00,-3.014449e+00,1.923220e+02,2.458678e+02,2086,913,1.173393e+02,1.173393e+02,1.173393e+02,0.000000e+00,2.933445e+01,-9.853164e-02,5.463526e-01,9.242324e-02,1.734134e+02,1.046182e+02
8.477884e+00,-3.014449e+00,1.843220e+02,2.448678e+02,2086,913,1.173393e+02,1.173393e+02,1.173393e+02,0.000000e+00,2.933445e+01,-9.853164e-02,6.632476e-01,9.242324e-02,1.814134e+02,1.056182e+02
8.540263e+00,-3.014449e+00,1.783220e+02,2.438678e+02,3870,2675,4.741808e+02,-2.351760e+02,1.195024e+02,5.862453e+00,2.987524e+01,1.465613e+00,7.486839e-01,9.242324e-02,1.874134e+02,1.056182e+02
8.604093e+00,-2.910126e+00,1.780038e+02,2.442605e+02,3828,2651,4.656366e+02,-2.303660e+02,1.176353e+02,5.752087e+00,2.940846e+01,1.438022e+00,6.861258e-01,9.242324e-02,1.934134e+02,1.056182e+02
8.681193e+00,-2.781635e+00,1.783854e+02,2.440004e+02,3694,2525,4.389111e+02,-2.051695e+02,1.168708e+02,5.322980e+00,2.921734e+01,1.330745e+00,4.012432e-02,9.242324e-02,2.014134e+02,1.066182e+02
8.740368e+00,-2.683976e+00,1.778399e+02,2.449000e+02,3653,2440,4.307450e+02,-1.881194e+02,1.213128e+02,5.114582e+00,3.032785e+01,1.278646e+00,5.609997e-01,4.748143e-01,2.074134e+02,1.066182e+02
9.806671e+00,-2.579103e+00,1.776851e+02,2.447096e+02,3572,2358,4.144990e+02,-1.716789e+02,1.214101e+02,4.844445e+00,3.035215e+01,1.211111e+00,-9.405883e-02,9.242324e-02,2.134134e+02,1.066182e+02
9.854200e+00,-2.948743e+00,1.582589e+02,2.754732e+02,3553,3553,4.107103e+02,-4.107103e+02,0.000000e+00,6.788601e+00,3.004124e+01,1.697150e+00,4.391125e-01,9.223875e-02,2.184134e+02,1.066182e+02
1.093464e+01,-2.818285e+00,1.545022e+02,2.732620e+02,3439,3439,3.879600e+02,-3.879600e+02,0.000000e+00,6.412562e+00,2.914872e+01,1.603140e+00,3.953453e-01,9.242324e-02,2.254134e+02,1.076182e+02
1.101137e+01,-2.246487e+00,1.775909e+02,2.451825e+02,3326,2164,3.653129e+02,-1.329630e+02,1.161750e+02,4.117983e+00,2.904338e+01,1.029496e+00,-2.638288e-01,9.242324e-02,2.334134e+02,1.076182e+02
1.107833e+01,-2.135667e+00,1.778033e+02,2.460185e+02,3226,2060,3.453942e+02,-1.120084e+02,1.166929e+02,3.780187e+00,2.917287e+01,9.450468e-01,-4.044506e-01,9.242324e-02,2.394134e+02,1.076182e+02
1.114043e+01,-2.031355e+00,1.780207e+02,2.452284e+02,3178,2012,3.357576e+02,-1.024451e+02,1.166562e+02,3.621510e+00,2.916369e+01,9.053776e-01,-4.829575e-01,9.242324e-02,2.454134e+02,1.086182e+02
1.121849e+01,-2.349769e+00,1.433018e+02,2.600811e+02,3735,2570,4.471838e+02,-2.141311e+02,1.165263e+02,5.465412e+00,2.913122e+01,1.366353e+00,1.236992e-01,9.269811e-02,2.534316e+02,1.086519e+02
1.127870e+01,-1.803945e+00,1.776042e+02,2.457505e+02,2967,1791,2.934110e+02,-5.838366e+01,1.175137e+02,2.907394e+00,2.937805e+01,7.268485e-01,-5.542491e-01,9.269811e-02,2.594316e+02,1.086519e+02
1.134032e+01,-1.723170e+00,1.763648e+02,2.451922e+02,2925,1745,2.851281e+02,-4.909349e+01,1.180173e+02,2.762162e+00,2.950396e+01,6.905405e-01,-6.820586e-01,9.242324e-02,2.654134e+02,1.096182e+02
1.141222e+01,-1.638855e+00,1.763113e+02,2.429709e+02,2870,1676,2.741728e+02,-3.520417e+01,1.194843e+02,2.556834e+00,2.987071e+01,6.392086e-01,-7.222525e-01,9.242324e-02,2.724134e+02,1.096182e+02
1.146963e+01,-1.571099e+00,1.767210e+02,2.408650e+02,2820,1649,2.641591e+02,-2.992201e+01,1.171185e+02,2.430422e+00,2.927927e+01,6.076055e-01,-7.592432e-01,9.231421e-02,2.784255e+02,1.096106e+02
1.153587e+01,-1.500278e+00,1.761320e+02,2.390411e+02,2820,1669,2.641071e+02,-3.385816e+01,1.151245e+02,2.462523e+00,2.878076e+01,6.156307e-01,-7.750191e-01,9.242324e-02,2.854134e+02,1.106182e+02
1.159876e+01,-1.431177e+00,1.765473e+02,2.363396e+02,2759,1584,2.518922e+02,-1.682260e+01,1.175348e+02,2.220783e+00,2.938334e+01,5.551959e-01,-8.070531e-01,9.242324e-02,2.914134e+02,1.106182e+02
1.165760e+01,-1.372857e+00,1.765887e+02,2.347618e+02,2693,1536,2.386406e+02,-7.318596e+00,1.156610e+02,2.032721e+00,2.891489e+01,5.081801e-01,-8.275803e-01,9.263548e-02,2.974145e+02,1.106353e+02
1.171058e+01,-1.327184e+00,1.771377e+02,2.321208e+02,2721,1574,2.443714e+02,-1.487195e+01,1.147497e+02,2.142507e+00,2.868707e+01,5.356268e-01,-8.420590e-01,9.305934e-02,3.024169e+02,1.106694e+02
1.177337e+01,-1.267220e+00,1.781354e+02,2.297029e+02,2683,1491,2.367293e+02,1.730318e+00,1.192298e+02,1.942140e+00,2.980708e+01,4.855350e-01,-8.502072e-01,9.305934e-02,3.094169e+02,1.116694e+02
1.185022e+01,-1.205048e+00,1.791719e+02,2.255134e+02,2666,1478,2.332320e+02,4.296770e+00,1.187644e+02,1.892027e+00,2.969073e+01,4.730067e-01,-8.608871e-01,9.252637e-02,3.164267e+02,1.116277e+02
1.191048e+01,-1.156702e+00,1.797900e+02,2.231318e+02,2605,1472,2.210988e+02,5.416579e+00,1.132577e+02,1.782498e+00,2.831406e+01,4.456244e-01,-8.710855e-01,9.231421e-02,3.224255e+02,1.116106e+02
1.197325e+01,-1.108551e+00,1.812563e+02,2.198628e+02,2615,1442,2.231046e+02,1.149332e+01,1.172990e+02,1.748854e+00,2.932438e+01,4.372134e-01,-8.662777e-01,9.269811e-02,3.294316e+02,1.126519e+02
1.205707e+01,-1.049409e+00,1.830603e+02,2.159114e+02,2570,1414,2.141063e+02,1.708559e+01,1.155960e+02,1.628271e+00,2.889863e+01,4.070676e-01,-8.685083e-01,9.231421e-02,3.374255e+02,1.126106e+02
1.211830e+01,-1.004944e+00,1.854307e+02,2.127080e+02,2546,1374,2.092101e+02,2.507858e+01,1.171443e+02,1.521748e+00,2.928572e+01,3.804370e-01,-8.835917e-01,9.231421e-02,3.434255e+02,1.126106e+02
1.218474e+01,-9.641313e-01,1.875887e+02,2.095756e+02,2514,1374,2.029957e+02,2.506274e+01,1.140292e+02,1.470521e+00,2.850695e+01,3.676301e-01,-8.754957e-01,9.231421e-02,3.504255e+02,1.136106e+02
1.226619e+01,-9.141155e-01,1.899619e+02,2.046466e+02,2500,1359,2.001513e+02,2.805074e+01,1.141010e+02,1.422319e+00,2.852490e+01,3.555797e-01,-8.645015e-01,9.305934e-02,3.584169e+02,1.136694e+02
1.232371e+01,-8.804233e-01,1.928517e+02,2.024031e+02,2495,1376,1.991170e+02,2.473208e+01,1.119246e+02,1.441198e+00,2.798077e+01,3.602995e-01,-8.761665e-01,9.273887e-02,3.644274e+02,1.136447e+02
1.237687e+01,-4.221579e-01,2.212575e+02,2.231845e+02,2083,916,1.167779e+02,1.167779e+02,1.167779e+02,0.000000e+00,2.919411e+01,-8.893179e-01,-1.641563e+00,9.333205e-02,3.694351e+02,1.147030e+02
1.243141e+01,-4.221579e-01,2.252575e+02,2.191845e+02,2085,914,1.170769e+02,1.170769e+02,1.170769e+02,0.000000e+00,2.926885e+01,-1.223290e+00,-7.328629e-01,9.333205e-02,3.744351e+02,1.147030e+02
1.249203e+01,-4.221579e-01,2.292575e+02,2.151845e+02,2084,915,1.168444e+02,1.168444e+02,1.168444e+02,0.000000e+00,2.921073e+01,-1.190275e+00,-7.005792e-01,9.336770e-02,3.804351e+02,1.147030e+02
1.254497e+01,-4.221579e-01,2.322575e+02,2.111845e+02,2083,916,1.167440e+02,1.167440e+02,1.167440e+02,0.000000e+00,2.918565e+01,-1.157169e+00,-6.576751e-01,9.336770e-02,3.864351e+02,1.147030e+02
1.260851e+01,-4.221579e-01,2.372575e+02,2.061845e+02,2092,907,1.184720e+02,1.184720e+02,1.184720e+02,0.000000e+00,2.961763e+01,-1.455805e+00,-6.205802e-01,9.336770e-02,3.924351e+02,1.157030e+02
1.269366e+01,-8.475531e-01,2.157032e+02,1.762314e+02,2233,1095,1.466533e+02,8.090785e+01,1.137806e+02,5.433507e-01,2.844478e+01,1.358377e-01,2.508358e-01,9.336770e-02,4.014351e+02,1.157030e+02
1.276214e+01,-8.357957e-01,2.200351e+02,1.714593e+02,2302,1132,1.604290e+02,7.357397e+01,1.170015e+02,7.178101e-01,2.925001e+01,1.794525e-01,4.266078e-01,9.273780e-02,4.074283e+02,1.156447e+02
1.282422e+01,-8.225281e-01,2.233776e+02,1.677602e+02,2286,1144,1.572578e+02,7.117721e+01,1.142175e+02,7.114097e-01,2.855401e+01,1.778524e-01,4.692897e-01,9.295009e-02,4.144290e+02,1.166618e+02
1.289488e+01,-8.056236e-01,2.277995e+02,1.631430e+02,2701,1567,2.403448e+02,-1.352134e+01,1.134117e+02,2.098067e+00,2.835257e+01,5.245169e-01,5.019454e-01,9.295009e-02,4.214290e+02,1.166618e+02
1.296292e+01,-7.415556e-01,2.303192e+02,1.607994e+02,2650,1501,2.300924e+02,-3.102990e-01,1.148911e+02,1.904155e+00,2.872241e+01,4.760387e-01,4.663366e-01,9.295009e-02,4.274290e+02,1.166618e+02
1.302600e+01,-6.892668e-01,2.325692e+02,1.592007e+02,2600,1467,2.200887e+02,6.541943e+00,1.133153e+02,1.764849e+00,2.832847e+01,4.412123e-01,4.343511e-01,9.295009e-02,4.344290e+02,1.176618e+02
1.308911e+01,-6.413628e-01,2.345577e+02,1.565717e+02,2565,1437,2.130269e+02,1.250881e+01,1.127679e+02,1.657174e+00,2.819160e+01,4.142936e-01,4.067303e-01,9.295009e-02,4.404290e+02,1.176618e+02
1.316439e+01,-5.866105e-01,2.386077e+02,1.542106e+02,2510,1387,2.021008e+02,2.241083e+01,1.122558e+02,1.485041e+00,2.806359e+01,3.712603e-01,3.696045e-01,9.295009e-02,4.484290e+02,1.176618e+02
1.322662e+01,-5.478052e-01,2.413167e+02,1.523058e+02,2504,1378,2.009860e+02,2.437640e+01,1.126812e+02,1.459583e+00,2.816993e+01,3.648958e-01,3.490317e-01,9.295009e-02,4.544290e+02,1.186618e+02
1.329130e+01,-5.076383e-01,2.450053e+02,1.505426e+02,2456,1315,1.912197e+02,3.694101e+01,1.140804e+02,1.275031e+00,2.851973e+01,3.187577e-01,3.185960e-01,9.295009e-02,4.604290e+02,1.186618e+02
1.336604e+01,-4.680813e-01,2.496663e+02,1.477959e+02,2418,1308,1.836464e+02,3.825036e+01,1.109484e+02,1.201620e+00,2.773674e+01,3.004051e-01,2.982268e-01,9.295009e-02,4.684290e+02,1.186618e+02
1.342707e+01,-4.363992e-01,2.530574e+02,1.457815e+02,2396,1263,1.793278e+02,4.735473e+01,1.133413e+02,1.090686e+00,2.833495e+01,2.726716e-01,2.861807e-01,9.295009e-02,4.744290e+02,1.196618e+02
1.347924e+01,-4.150673e-01,2.563255e+02,1.445113e+02,2373,1252,1.747925e+02,4.942772e+01,1.121101e+02,1.036072e+00,2.802716e+01,2.590181e-01,2.699696e-01,9.295009e-02,4.794290e+02,1.196618e+02
1.355512e+01,-3.818401e-01,2.618352e+02,1.415969e+02,2356,1260,1.712416e+02,4.790955e+01,1.095756e+02,1.019273e+00,2.739353e+01,2.548183e-01,2.589344e-01,9.295009e-02,4.874290e+02,1.196618e+02
1.361781e+01,-3.551956e-01,2.661128e+02,1.404181e+02,2349,1225,1.698111e+02,5.490134e+01,1.123562e+02,9.496675e-01,2.808869e+01,2.374169e-01,2.357293e-01,9.295009e-02,4.934290e+02,1.196618e+02
1.367883e+01,-3.327336e-01,2.703667e+02,1.381948e+02,2324,1211,1.648763e+02,5.761416e+01,1.112452e+02,8.864638e-01,2.781094e+01,2.216160e-01,2.349520e-01,9.336770e-02,4.994351e+02,1.207030e+02
1.375789e+01,-3.046356e-01,2.767271e+02,1.360931e+02,2285,1187,1.571193e+02,6.241634e+01,1.097678e+02,7.826691e-01,2.744159e+01,1.956673e-01,2.198420e-01,9.295009e-02,5.074290e+02,1.206618e+02
1.383104e+01,-2.829298e-01,2.819040e+02,1.348311e+02,2265,1176,1.531200e+02,6.478884e+01,1.089544e+02,7.300094e-01,2.723824e+01,1.825023e-01,1.663946e-01,1.392170e-01,5.082257e+02,1.205075e+02
1.389310e+01,-2.644437e-01,2.870253e+02,1.335036e+02,2277,1154,1.554692e+02,6.919522e+01,1.123322e+02,7.130080e-01,2.808269e+01,1.782520e-01,8.847607e-02,2.439534e-01,5.084580e+02,1.215048e+02
1.395819e+01,-2.487176e-01,2.921661e+02,1.319823e+02,2236,1116,1.472009e+02,7.670375e+01,1.119523e+02,5.826209e-01,2.798772e+01,1.456552e-01,2.535790e-01,2.342133e-01,5.082938e+02,1.212749e+02
1.503892e+01,-2.334041e-01,2.982447e+02,1.305943e+02,2230,1116,1.461995e+02,7.677995e+01,1.114897e+02,5.737154e-01,2.787207e+01,1.434288e-01,-8.195260e-02,4.772200e-01,5.072356e+02,1.218985e+02
1.508651e+01,-2.257067e-01,3.023093e+02,1.297803e+02,2212,1099,1.425442e+02,8.005922e+01,1.113017e+02,5.164044e-01,2.782506e+01,1.291011e-01,-1.440442e-01,5.563117e-01,5.077361e+02,1.205308e+02
1.614510e+01,-2.257067e-01,4.848899e+02,1.486256e+02,2079,920,1.159464e+02,1.159464e+02,1.159464e+02,0.000000e+00,2.898624e+01,-7.378539e-01,-1.705764e+00,6.505270e-01,5.066645e+02,1.205298e+02
1.619253e+01,-2.159489e-01,3.124395e+02,1.271441e+02,2223,1117,1.446913e+02,7.643886e+01,1.105651e+02,5.640701e-01,2.764091e+01,1.410175e-01,7.656189e-01,7.290093e-01,5.067168e+02,1.197929e+02
1.625585e+01,-2.026658e-01,3.174814e+02,1.265972e+02,2228,1126,1.457605e+02,7.474889e+01,1.102547e+02,5.868727e-01,2.756331e+01,1.467182e-01,7.162885e-01,8.335087e-01,5.058818e+02,1.207201e+02
1.630341e+01,-2.026658e-01,4.782511e+02,1.421472e+02,2074,925,1.149386e+02,1.149386e+02,1.149386e+02,0.000000e+00,2.873429e+01,-4.969750e-01,-4.851182e-01,9.120457e-01,5.064888e+02,1.205871e+02
1.636281e+01,-2.026658e-01,4.752070e+02,1.396344e+02,2088,911,1.177002e+02,1.177002e+02,1.177002e+02,0.000000e+00,2.942468e+01,-4.155806e-01,-3.517201e-01,1.010168e+00,5.055148e+02,1.208613e+02
1.641713e+01,-1.935285e-01,3.325546e+02,1.239036e+02,2203,1103,1.407006e+02,7.937461e+01,1.100376e+02,5.068259e-01,2.750903e+01,1.267065e-01,6.455733e-01,1.100826e+00,5.053769e+02,1.205535e+02
1.649699e+01,-1.935285e-01,5.380091e+02,1.058813e+02,3635,3635,4.270425e+02,-4.270425e+02,0.000000e+00,7.058554e+00,2.811872e+01,1.764638e+00,4.047858e+00,1.232283e+00,5.037026e+02,1.205308e+02
1.656383e+01,-6.918274e-02,3.400514e+02,1.222651e+02,2059,940,1.119065e+02,1.119065e+02,1.119065e+02,0.000000e+00,2.797627e+01,2.550879e-02,-2.876843e+00,1.389175e+00,4.999849e+02,1.204753e+02
1.662632e+01,-6.918274e-02,3.460514e+02,1.212651e+02,2059,940,1.119065e+02,1.119065e+02,1.119065e+02,0.000000e+00,2.797627e+01,2.550879e-02,-9.060400e-01,1.446369e+00,5.037371e+02,1.193519e+02
1.669978e+01,-6.918274e-02,4.674211e+02,1.185833e+02,-1267,-1267,-5.534569e+02,5.534569e+02,0.000000e+00,-9.148047e+00,3.037001e+09,-2.287012e+00,-4.670615e-01,1.565987e+00,5.030683e+02,1.186677e+02
1.674987e+01,-6.918274e-02,4.683053e+02,1.156460e+02,2195,1086,1.390606e+02,8.275520e+01,1.109079e+02,4.653343e-01,2.772662e+01,1.163336e-01,-8.280653e-02,1.649158e+00,5.038667e+02,1.185215e+02
1.681222e+01,-6.918274e-02,3.588567e+02,1.206501e+02,2056,969,1.113375e+02,1.061988e+02,1.087682e+02,4.246937e-02,2.719167e+01,1.061734e-02,-9.199999e-01,1.800927e+00,4.991764e+02,1.171782e+02
1.788088e+01,-6.918274e-02,3.658319e+02,1.195925e+02,2059,971,1.119285e+02,1.057786e+02,1.088536e+02,5.082549e-02,2.721303e+01,1.270637e-02,-9.122751e-01,1.904584e+00,4.993426e+02,1.169959e+02
1.792916e+01,-6.918274e-02,3.698567e+02,1.186501e+02,2056,969,1.113375e+02,1.061988e+02,1.087682e+02,4.246937e-02,2.719167e+01,1.061734e-02,-9.020757e-01,1.934606e+00,5.041297e+02,1.171042e+02
1.800487e+01,-6.918274e-02,3.778567e+02,1.176501e+02,2185,1098,1.370450e+02,8.036344e+01,1.087042e+02,4.684428e-01,2.717570e+01,1.171107e-01,-7.970137e-01,1.934585e+00,5.041261e+02,1.261184e+02
1.806604e+01,-1.338969e-01,3.828570e+02,1.170000e+02,2336,1244,1.673140e+02,5.110824e+01,1.092111e+02,9.603778e-01,2.730241e+01,2.400945e-01,-6.612687e-01,1.934606e+00,5.021297e+02,1.311042e+02
1.812907e+01,-1.091114e-01,3.879812e+02,1.168863e+02,2354,1262,1.709610e+02,4.759536e+01,1.092782e+02,1.019551e+00,2.731919e+01,2.548878e-01,-5.736884e-01,1.934585e+00,4.991261e+02,1.371184e+02
1.820063e+01,-1.091114e-01,3.930722e+02,1.159214e+02,2442,1339,1.885963e+02,3.206006e+01,1.103282e+02,1.293688e+00,2.758167e+01,3.234219e-01,-4.724721e-01,1.934585e+00,4.971261e+02,1.431184e+02
1.826617e+01,-4.084042e-02,3.970569e+02,1.152843e+02,2525,1382,2.051993e+02,2.347584e+01,1.143376e+02,1.501847e+00,2.858403e+01,3.754618e-01,-4.195262e-01,1.934656e+00,4.951261e+02,1.501184e+02
1.831398e+01,-9.784510e-03,4.000866e+02,1.153535e+02,2526,1408,2.052999e+02,1.824468e+01,1.117723e+02,1.545911e+00,2.794271e+01,3.864777e-01,-3.944159e-01,1.934656e+00,4.931261e+02,1.541184e+02
1.836142e+01,2.111092e-02,4.030821e+02,1.154782e+02,2574,1463,2.149453e+02,7.331889e+00,1.111386e+02,1.715813e+00,2.778429e+01,4.289533e-01,-3.417634e-01,1.934656e+00,4.911261e+02,1.591184e+02
1.842949e+01,7.449443e-02,4.069560e+02,1.152885e+02,2618,1530,2.236051e+02,-6.101035e+00,1.087521e+02,1.898398e+00,2.718765e+01,4.745995e-01,-2.860727e-01,1.934656e+00,4.891261e+02,1.651184e+02
1.847796e+01,1.131906e-01,4.088043e+02,1.156643e+02,2606,1533,2.212061e+02,-6.747821e+00,1.072292e+02,1.883917e+00,2.680693e+01,4.709793e-01,-2.669058e-01,1.934585e+00,4.871261e+02,1.691184e+02
1.852261e+01,1.549416e-01,4.105583e+02,1.161086e+02,2680,1572,2.361874e+02,-1.457866e+01,1.108044e+02,2.072447e+00,2.770073e+01,5.181117e-01,-2.377032e-01,1.934585e+00,4.851261e+02,1.741184e+02
1.857025e+01,2.001725e-01,4.132663e+02,1.166752e+02,2653,1556,2.307938e+02,-1.136692e+01,1.097134e+02,2.001328e+00,2.742799e+01,5.003320e-01,-2.238537e-01,1.934585e+00,4.841261e+02,1.781184e+02
1.864943e+01,2.724264e-01,4.166013e+02,1.171300e+02,2164,2164,1.329769e+02,-1.329769e+02,0.000000e+00,2.197966e+00,2.749327e+01,5.494914e-01,-1.432636e+00,1.934656e+00,4.811261e+02,1.861184e+02
1.871579e+01,2.724264e-01,4.483128e+02,1.788987e+02,2071,957,1.143533e+02,1.084345e+02,1.113939e+02,4.891593e-02,2.784812e+01,1.222898e-02,3.232566e-01,1.878694e+00,4.821431e+02,1.897899e+02
1.877912e+01,3.837493e-01,4.222463e+02,1.187777e+02,2060,2060,1.121241e+02,-1.121241e+02,0.000000e+00,1.853291e+00,2.732110e+01,4.633227e-01,-6.654542e-01,1.774059e+00,4.841033e+02,1.898496e+02
1.886005e+01,5.178989e-01,4.221503e+02,1.189771e+02,2477,1357,1.954400e+02,2.846906e+01,1.119545e+02,1.379925e+00,2.798827e+01,3.449813e-01,-9.670926e-01,1.687827e+00,4.813755e+02,1.892660e+02
1.891671e+01,9.763127e-01,4.064298e+02,1.511787e+02,825,825,-1.349639e+02,1.349639e+02,0.000000e+00,-2.230808e+00,2.808124e+01,-5.577020e-01,-5.387797e-01,1.561731e+00,4.838500e+02,1.886122e+02
1.897985e+01,9.763127e-01,4.494696e+02,1.926174e+02,124,124,-2.750965e+02,2.750965e+02,0.000000e+00,-4.547049e+00,2.790166e+01,-1.136762e+00,-1.980338e+00,3.705096e-01,4.848559e+02,1.883421e+02
1.907268e+01,9.763127e-01,0.000000e+00,0.000000e+00,747,747,-1.504289e+02,1.504289e+02,0.000000e+00,-2.486428e+00,2.779236e+01,-6.216070e-01,-2.114292e+00,3.691153e-01,4.866287e+02,1.882503e+02
1.913495e+01,9.763127e-01,0.000000e+00,0.000000e+00,747,747,-1.504289e+02,1.504289e+02,0.000000e+00,-2.486428e+00,2.779236e+01,-6.216070e-01,-1.130973e-01,3.723799e-01,4.844954e+02,1.892456e+02
1.919291e+01,9.763127e-01,0.000000e+00,0.000000e+00,786,786,-1.426437e+02,1.426437e+02,0.000000e+00,-2.357748e+00,2.815476e+01,-5.894369e-01,-1.130973e-01,3.855219e-01,4.835225e+02,1.962278e+02
1.927254e+01,0.000000e+00,0.000000e+00,0.000000e+00,2531,1405,2.062444e+02,1.899657e+01,1.126205e+02,1.547503e+00,2.815476e+01,3.868757e-01,8.632153e-01,3.957352e-01,4.864954e+02,2.032456e+02
1.933162e+01,0.000000e+00,0.000000e+00,0.000000e+00,2531,1405,2.062444e+02,1.899657e+01,1.126205e+02,1.547503e+00,2.815476e+01,3.868757e-01,6.170088e+00,4.047331e-01,4.884887e+02,2.092605e+02
1.938298e+01,0.000000e+00,0.000000e+00,0.000000e+00,2531,1405,2.062444e+02,1.899657e+01,1.126205e+02,1.547503e+00,2.815476e+01,3.868757e-01,1.727876e-01,4.101352e-01,4.904887e+02,2.132605e+02
1.943877e+01,0.000000e+00,0.000000e+00,0.000000e+00,2006,2006,1.012103e+02,-1.012103e+02,0.000000e+00,1.672897e+00,2.854657e+01,4.182243e-01,1.727876e-01,4.188628e-01,4.924887e+02,2.192605e+02
1.950208e+01,3.015630e-01,4.499866e+02,1.364750e+02,3047,1959,3.095443e+02,-9.185520e+01,1.088445e+02,3.317351e+00,2.721077e+01,8.293378e-01,-1.852284e+00,4.257473e-01,4.944954e+02,2.242456e+02
1.955223e+01,3.678680e-01,4.518195e+02,1.369067e+02,2983,1871,2.966044e+02,-7.423114e+01,1.111866e+02,3.064756e+00,2.779629e+01,7.661891e-01,-9.354798e-01,4.300017e-01,4.954954e+02,2.272456e+02
1.962052e+01,3.678680e-01,0.000000e+00,0.000000e+00,2131,989,1.263740e+02,1.020015e+02,1.141877e+02,2.014253e-01,2.854657e+01,5.035633e-02,-5.108230e+00,4.400865e-01,4.974887e+02,2.342605e+02
1.972654e+01,3.678680e-01,0.000000e+00,0.000000e+00,2177,1054,1.354557e+02,8.909832e+01,1.122770e+02,3.831185e-01,2.806888e+01,9.577961e-02,-1.068142e-01,4.556816e-01,5.024887e+02,2.462605e+02
1.978537e+01,3.678680e-01,0.000000e+00,0.000000e+00,2177,1054,1.354557e+02,8.909832e+01,1.122770e+02,3.831185e-01,2.806888e+01,9.577961e-02,-1.068142e-01,4.620574e-01,5.044954e+02,2.512456e+02
1.983223e+01,3.639538e-01,4.555454e+02,1.291295e+02,3067,1954,3.135934e+02,-9.092881e+01,1.113323e+02,3.343159e+00,2.783271e+01,8.357897e-01,4.443716e+00,1.186149e+00,5.064954e+02,2.562456e+02
1.991183e+01,4.887127e-01,4.566789e+02,1.290789e+02,2406,2406,1.812008e+02,-1.812008e+02,0.000000e+00,2.995055e+00,2.748914e+01,7.487637e-01,2.202513e-01,1.212485e+00,5.084781e+02,2.632499e+02
1.996980e+01,4.887127e-01,4.367692e+02,1.585256e+02,2112,2112,1.225813e+02,-1.225813e+02,0.000000e+00,2.026137e+00,2.698253e+01,5.065343e-01,-6.097588e-01,1.211475e+00,5.104954e+02,2.682456e+02
2.003124e+01,1.112673e+00,4.336376e+02,1.562183e+02,1906,814,8.131809e+01,1.371812e+02,1.092496e+02,-4.616786e-01,2.731205e+01,-1.154196e-01,-1.188324e+00,1.211475e+00,5.124954e+02,2.742456e+02
2.010571e+01,1.101009e+00,4.392265e+02,1.601154e+02,1978,861,9.579459e+01,1.277251e+02,1.117599e+02,-2.638888e-01,2.793960e+01,-6.597220e-02,-5.657330e-01,1.211615e+00,5.154887e+02,2.812605e+02
2.016719e+01,1.099214e+00,4.432931e+02,1.641121e+02,1982,866,9.659827e+01,1.266727e+02,1.116355e+02,-2.485491e-01,2.790851e+01,-6.213727e-02,-4.846470e-01,1.211578e+00,5.174887e+02,2.872605e+02
2.023227e+01,1.097685e+00,4.483077e+02,1.680085e+02,2053,918,1.106687e+02,1.163538e+02,1.135113e+02,-4.698457e-02,2.837746e+01,-1.174614e-02,-3.898865e-01,1.211578e+00,5.194887e+02,2.932605e+02
2.029605e+01,1.097685e+00,4.533077e+02,1.720085e+02,2053,918,1.106687e+02,1.163538e+02,1.135113e+02,-4.698457e-02,2.837746e+01,-1.174614e-02,-3.124620e-01,1.211578e+00,5.224887e+02,2.992605e+02
2.035828e+01,1.097685e+00,4.583077e+02,1.760085e+02,2081,964,1.162619e+02,1.071403e+02,1.117011e+02,7.538463e-02,2.792491e+01,1.884616e-02,-2.154855e-01,1.211578e+00,5.244887e+02,3.052605e+02
2.041905e+01,1.097613e+00,4.633077e+02,1.800085e+02,2058,941,1.117011e+02,1.117011e+02,1.117011e+02,0.000000e+00,2.792491e+01,1.891822e-02,-1.324668e-01,1.211615e+00,5.264887e+02,3.102605e+02
2.048283e+01,1.097613e+00,4.683077e+02,1.840085e+02,2068,931,1.136619e+02,1.136619e+02,1.136619e+02,0.000000e+00,2.841511e+01,6.439985e-02,-2.958313e-02,1.211578e+00,5.284887e+02,3.162605e+02
2.055900e+01,1.097685e+00,4.743077e+02,1.890085e+02,2060,939,1.121299e+02,1.121299e+02,1.121299e+02,0.000000e+00,2.803212e+01,9.593960e-02,8.386366e-02,1.211578e+00,5.314887e+02,3.242605e+02
2.162504e+01,1.097685e+00,4.793077e+02,1.930085e+02,2241,1096,1.483144e+02,8.066447e+01,1.144894e+02,5.590900e-01,2.862199e+01,1.397725e-01,1.063532e-01,1.261479e+00,5.306862e+02,3.268364e+02
2.167102e+01,1.102657e+00,4.821483e+02,1.951356e+02,2226,1084,1.452684e+02,8.317220e+01,1.142203e+02,5.131918e-01,2.855471e+01,1.282980e-01,1.269108e-03,1.338071e+00,5.297790e+02,3.276169e+02
2.171846e+01,1.109303e+00,4.848793e+02,1.982414e+02,2272,1155,1.544969e+02,6.888267e+01,1.116898e+02,7.075553e-01,2.792208e+01,1.768888e-01,-1.290110e-01,1.435262e+00,5.262537e+02,3.277647e+02
2.277634e+01,1.122453e+00,4.881949e+02,2.002076e+02,2268,1153,1.537152e+02,6.922811e+01,1.114716e+02,6.982404e-01,2.786755e+01,1.745601e-01,-2.862768e-01,1.492653e+00,5.279123e+02,3.275316e+02
2.287348e+01,1.147586e+00,4.938712e+02,2.052489e+02,2325,1190,1.651811e+02,6.199810e+01,1.135896e+02,8.527522e-01,2.839704e+01,2.131881e-01,-6.009038e-01,1.659252e+00,5.254464e+02,3.264454e+02
2.292041e+01,1.147586e+00,4.934367e+02,3.198603e+02,2057,942,1.114485e+02,1.114485e+02,1.114485e+02,0.000000e+00,2.786175e+01,-1.003656e+00,-1.889926e+00,1.737812e+00,5.284226e+02,3.261080e+02
2.297253e+01,1.163097e+00,5.000681e+02,2.112340e+02,2314,1179,1.629357e+02,6.403686e+01,1.134863e+02,8.173460e-01,2.837121e+01,2.043365e-01,1.466398e-01,1.872041e+00,5.245743e+02,3.253825e+02
2.301826e+01,1.163097e+00,5.025044e+02,2.133596e+02,2327,1200,1.654378e+02,5.986788e+01,1.126528e+02,8.724785e-01,2.816284e+01,2.181196e-01,8.650433e-02,1.900970e+00,5.283824e+02,3.254885e+02
2.306669e+01,1.193009e+00,5.045948e+02,2.153233e+02,2295,1168,1.590679e+02,6.638846e+01,1.127282e+02,7.659456e-01,2.818168e+01,1.914864e-01,4.326228e-02,1.980339e+00,5.284906e+02,3.253978e+02
2.413954e+01,1.193009e+00,5.077112e+02,2.184526e+02,2334,1219,1.668103e+02,5.613485e+01,1.114726e+02,9.146730e-01,2.786778e+01,2.286683e-01,7.032230e-02,2.031544e+00,5.276885e+02,3.285763e+02
2.421586e+01,1.193009e+00,5.113783e+02,2.222130e+02,2405,1289,1.810711e+02,4.218060e+01,1.116258e+02,1.147855e+00,2.790610e+01,2.869638e-01,2.030397e-01,2.031110e+00,5.256728e+02,3.365521e+02
2.427298e+01,1.193009e+00,5.408847e+02,2.006020e+02,1993,1993,9.870527e+01,-9.870527e+01,0.000000e+00,1.631492e+00,2.841127e+01,4.078730e-01,1.253156e+00,2.031547e+00,5.236885e+02,3.415763e+02
2.432202e+01,1.193009e+00,5.120636e+02,2.216568e+02,2422,1326,1.845564e+02,3.472358e+01,1.096400e+02,1.238288e+00,2.740929e+01,3.095720e-01,-5.564976e-01,2.031547e+00,5.216885e+02,3.445763e+02
2.439460e+01,1.193009e+00,5.141325e+02,2.253034e+02,2516,1408,2.033320e+02,1.824871e+01,1.107904e+02,1.529614e+00,2.769689e+01,3.824036e-01,-3.734680e-01,2.031191e+00,5.176728e+02,3.525521e+02
2.445558e+01,1.193009e+00,5.463794e+02,2.078367e+02,2536,1409,2.072387e+02,1.809282e+01,1.126658e+02,1.563189e+00,2.816573e+01,3.907973e-01,5.506284e-01,2.031547e+00,5.156885e+02,3.585763e+02
2.450632e+01,1.193009e+00,5.164103e+02,2.284744e+02,2544,1403,2.089036e+02,1.932996e+01,1.141168e+02,1.566724e+00,2.852849e+01,3.916811e-01,-1.182125e-01,2.031191e+00,5.126728e+02,3.625521e+02
2.455338e+01,1.064007e+00,5.494301e+02,2.130204e+02,2130,2130,1.261148e+02,-1.261148e+02,0.000000e+00,2.084542e+00,2.898269e+01,5.211355e-01,8.173961e-01,2.031547e+00,5.106885e+02,3.665763e+02
2.461491e+01,1.166437e+00,5.491877e+02,2.125731e+02,1996,1996,9.939889e+01,-9.939889e+01,0.000000e+00,1.642957e+00,2.842755e+01,4.107392e-01,7.613124e-01,2.031547e+00,5.086885e+02,3.725763e+02
2.467480e+01,1.266134e+00,5.489069e+02,2.127271e+02,2471,1340,1.943754e+02,3.192867e+01,1.131520e+02,1.342535e+00,2.828694e+01,3.356336e-01,6.448151e-01,2.031191e+00,5.056728e+02,3.775521e+02
2.472088e+01,1.716584e+00,5.155256e+02,2.243077e+02,2073,926,1.147921e+02,1.147921e+02,1.147921e+02,0.000000e+00,2.869696e+01,-1.280863e-01,-3.529482e-01,2.031547e+00,5.036885e+02,3.815763e+02
2.477365e+01,1.716500e+00,5.165256e+02,2.293077e+02,2073,926,1.147921e+02,1.147921e+02,1.147921e+02,0.000000e+00,2.869696e+01,-1.280030e-01,-5.872069e-01,2.082340e+00,5.009806e+02,3.826612e+02
2.484535e+01,1.716377e+00,5.195404e+02,2.362809e+02,2074,925,1.149005e+02,1.149005e+02,1.149005e+02,0.000000e+00,2.872406e+01,-1.273978e-01,-6.635170e-01,2.210667e+00,4.988431e+02,3.808548e+02
2.489280e+01,1.716377e+00,5.205404e+02,2.412809e+02,2074,925,1.149005e+02,1.149005e+02,1.149005e+02,0.000000e+00,2.872406e+01,-1.273978e-01,-7.470538e-01,2.289876e+00,5.004361e+02,3.810092e+02
2.494025e+01,1.716377e+00,4.755614e+02,3.555351e+02,2058,941,1.116969e+02,1.116969e+02,1.116969e+02,0.000000e+00,2.792315e+01,-9.303350e-01,-1.856219e+00,2.367763e+00,5.002544e+02,3.808749e+02
2.498645e+01,1.716377e+00,5.225404e+02,2.502809e+02,2074,925,1.149005e+02,1.149005e+02,1.149005e+02,0.000000e+00,2.872406e+01,-1.273978e-01,1.709877e-01,2.444181e+00,5.002786e+02,3.806835e+02
2.502708e+01,1.716584e+00,5.235256e+02,2.543077e+02,2073,926,1.147921e+02,1.147921e+02,1.147921e+02,0.000000e+00,2.869696e+01,-1.280863e-01,1.402221e-01,2.496661e+00,5.009964e+02,3.811396e+02
2.508988e+01,1.716500e+00,5.255256e+02,2.603077e+02,2073,926,1.147921e+02,1.147921e+02,1.147921e+02,0.000000e+00,2.869696e+01,-1.280030e-01,1.228193e-01,2.612252e+00,4.995830e+02,3.793996e+02
2.514124e+01,1.716607e+00,5.275256e+02,2.653077e+02,1918,771,8.378968e+01,1.457945e+02,1.147921e+02,-5.124364e-01,2.869696e+01,-1.281091e-01,1.062975e-01,2.698286e+00,5.010508e+02,3.794967e+02
2.520340e+01,1.282299e+00,5.633005e+02,2.608827e+02,2423,1299,1.847936e+02,4.016542e+01,1.124795e+02,1.195274e+00,2.811882e+01,2.988186e-01,1.062198e+00,2.802498e+00,5.004676e+02,3.787184e+02
2.525026e+01,1.282299e+00,5.645096e+02,2.640298e+02,2449,1290,1.898335e+02,4.197147e+01,1.159025e+02,1.222000e+00,2.897455e+01,3.055000e-01,2.564447e-01,2.854639e+00,5.019333e+02,3.807723e+02
2.531135e+01,1.335988e+00,5.654666e+02,2.682542e+02,2378,1228,1.756214e+02,5.438236e+01,1.150019e+02,1.001976e+00,2.874942e+01,2.504940e-01,2.033996e-01,3.027698e+00,5.002168e+02,3.743072e+02
2.536011e+01,1.353092e+00,5.659224e+02,2.724418e+02,2372,1229,1.745281e+02,5.406133e+01,1.142947e+02,9.955934e-01,2.857262e+01,2.488983e-01,1.663976e-01,3.079701e+00,5.001639e+02,3.762958e+02
2.541109e+01,1.353092e+00,5.662747e+02,2.755356e+02,2344,1205,1.688079e+02,5.892625e+01,1.138671e+02,9.081132e-01,2.846571e+01,2.270283e-01,2.066815e-01,3.080309e+00,4.971803e+02,3.782509e+02
2.546687e+01,1.353092e+00,5.675192e+02,2.806771e+02,2351,1218,1.702829e+02,5.634576e+01,1.133144e+02,9.416296e-01,2.832753e+01,2.354074e-01,3.485612e-01,3.080309e+00,4.891803e+02,3.792509e+02
2.551124e+01,1.353092e+00,5.680302e+02,2.837462e+02,2329,1199,1.659533e+02,6.008550e+01,1.130194e+02,8.749403e-01,2.825379e+01,2.187351e-01,4.235405e-01,3.079701e+00,4.851639e+02,3.802958e+02
2.555795e+01,1.422918e+00,5.684930e+02,2.878275e+02,2262,1135,1.525870e+02,7.283496e+01,1.127110e+02,6.591076e-01,2.817668e+01,1.647769e-01,4.558571e-01,3.079701e+00,4.801639e+02,3.802958e+02
2.560463e+01,1.422918e+00,5.691282e+02,2.918794e+02,2246,1121,1.493394e+02,7.563624e+01,1.124878e+02,6.091174e-01,2.812090e+01,1.522794e-01,5.309951e-01,3.079701e+00,4.751639e+02,3.812958e+02
2.565208e+01,1.422918e+00,5.697972e+02,2.959388e+02,2273,1150,1.547161e+02,6.986921e+01,1.122927e+02,7.012143e-01,2.807211e+01,1.753036e-01,6.356017e-01,3.079915e+00,4.711629e+02,3.812787e+02
2.571468e+01,1.422918e+00,5.702556e+02,3.009506e+02,2250,1128,1.501218e+02,7.429073e+01,1.122062e+02,6.267028e-01,2.805050e+01,1.566757e-01,7.890707e-01,3.079701e+00,4.641639e+02,3.822958e+02
2.576656e+01,1.469104e+00,5.709030e+02,3.050087e+02,2239,1079,1.479174e+02,8.413036e+01,1.160239e+02,5.271654e-01,2.900491e+01,1.317914e-01,8.546186e-01,3.079701e+00,4.601639e+02,3.822958e+02
2.582398e+01,1.469104e+00,5.716073e+02,3.110026e+02,2227,1067,1.455267e+02,8.650980e+01,1.160182e+02,4.877430e-01,2.900350e+01,1.219357e-01,9.893076e-01,3.079701e+00,4.541639e+02,3.832958e+02
2.587094e+01,1.469104e+00,5.724415e+02,3.150158e+02,2220,1061,1.441265e+02,8.778117e+01,1.159538e+02,4.656641e-01,2.898740e+01,1.164160e-01,1.095874e+00,3.079701e+00,4.491639e+02,3.842958e+02
2.593083e+01,1.469104e+00,5.721877e+02,3.210387e+02,2209,1051,1.419770e+02,8.972634e+01,1.158516e+02,4.318233e-01,2.896185e+01,1.079558e-01,2.361031e-01,3.079701e+00,4.431639e+02,3.842958e+02
2.597476e+01,1.492883e+00,5.730429e+02,3.250851e+02,2174,1017,1.348662e+02,9.646151e+01,1.156639e+02,3.173945e-01,2.891491e+01,7.934861e-02,2.916241e-01,3.079701e+00,4.391639e+02,3.852958e+02
2.602071e+01,1.493161e+00,5.730528e+02,3.290950e+02,2174,1017,1.348392e+02,9.641009e+01,1.156246e+02,3.175955e-01,2.890510e+01,7.939889e-02,3.748519e-01,3.079915e+00,4.341629e+02,3.852787e+02
2.606711e+01,1.493870e+00,5.730249e+02,3.340837e+02,2172,1015,1.344870e+02,9.685212e+01,1.156696e+02,3.110321e-01,2.891633e+01,7.775803e-02,4.519959e-01,3.079915e+00,4.291629e+02,3.862787e+02
2.614270e+01,1.495827e+00,5.739379e+02,3.410685e+02,2207,1049,1.415119e+02,9.006594e+01,1.157889e+02,4.251730e-01,2.894617e+01,1.062932e-01,5.523644e-01,3.079915e+00,4.221629e+02,3.872787e+02
2.619129e+01,1.495827e+00,5.737989e+02,3.460706e+02,2201,1044,1.403651e+02,9.116417e+01,1.157646e+02,4.066190e-01,2.894009e+01,1.016547e-01,6.230417e-01,3.079701e+00,4.171639e+02,3.872958e+02
2.623858e+01,1.495827e+00,5.746558e+02,3.500257e+02,2196,1037,1.393667e+02,9.249346e+01,1.159301e+02,3.873818e-01,2.898146e+01,9.684545e-02,6.622583e-01,3.079915e+00,4.121629e+02,3.882787e+02
2.628628e+01,1.495827e+00,5.746209e+02,3.550499e+02,2194,1036,1.389895e+02,9.267133e+01,1.158304e+02,3.827951e-01,2.895655e+01,9.569878e-02,-5.563375e+00,3.079915e+00,4.081629e+02,3.882787e+02
2.636015e+01,1.495827e+00,5.754796e+02,3.610706e+02,2188,1031,1.377573e+02,9.371692e+01,1.157371e+02,3.639705e-01,2.893322e+01,9.099262e-02,-5.127563e-01,3.079915e+00,4.011629e+02,3.892787e+02
2.644351e+01,1.515500e+00,5.752399e+02,3.700791e+02,2155,998,1.310139e+02,1.003695e+02,1.156917e+02,2.532592e-01,2.892187e+01,6.331481e-02,-4.641639e-01,3.079915e+00,3.921629e+02,3.902787e+02
2.650179e+01,1.515500e+00,5.762399e+02,3.760791e+02,2155,998,1.310139e+02,1.003695e+02,1.156917e+02,2.532592e-01,2.892187e+01,6.331481e-02,-4.200478e-01,3.079701e+00,3.861639e+02,3.902958e+02
2.658008e+01,1.515500e+00,5.762399e+02,3.830791e+02,2155,998,1.310139e+02,1.003695e+02,1.156917e+02,2.532592e-01,2.892187e+01,6.331481e-02,-3.827502e-01,3.079701e+00,3.791639e+02,3.912958e+02
2.664012e+01,1.515500e+00,5.762399e+02,3.900791e+02,2155,998,1.310139e+02,1.003695e+02,1.156917e+02,2.532592e-01,2.892187e+01,6.331481e-02,-3.501189e-01,3.079701e+00,3.721639e+02,3.922958e+02
2.670276e+01,1.515500e+00,5.772399e+02,3.960791e+02,-4131,-4131,-1.126383e+03,1.126383e+03,0.000000e+00,-1.861791e+01,2.924003e+01,-4.654477e+00,-3.282958e-01,3.079701e+00,3.661639e+02,3.932958e+02
2.678141e+01,1.515500e+00,5.768009e+02,3.956640e+02,-4109,-4109,-1.121800e+03,1.121800e+03,0.000000e+00,-1.854215e+01,2.980806e+01,-4.635537e+00,-3.436614e-01,3.079701e+00,3.591639e+02,3.932958e+02
2.686097e+01,1.261217e+00,5.760588e+02,3.956787e+02,-3800,-3800,-1.060017e+03,1.060017e+03,0.000000e+00,-1.752093e+01,2.906649e+01,-4.380234e+00,-1.082691e-01,3.079701e+00,3.511639e+02,3.942958e+02
2.693905e+01,1.261217e+00,5.764269e+02,3.959985e+02,-2877,-2877,-8.754137e+02,8.754137e+02,0.000000e+00,-1.446965e+01,3.037001e+09,-3.617412e+00,-1.442033e-01,3.079701e+00,3.431639e+02,3.952958e+02
2.700549e+01,1.447611e+00,5.449364e+02,4.146398e+02,-4027,-4027,-1.105583e+03,1.105583e+03,0.000000e+00,-1.827410e+01,2.994306e+01,-4.568525e+00,-1.766161e-01,3.079701e+00,3.371639e+02,3.962958e+02
2.708339e+01,1.319981e+00,5.482739e+02,4.189130e+02,-3862,-3862,-1.072404e+03,1.072404e+03,0.000000e+00,-1.772569e+01,2.928768e+01,-4.431423e+00,-4.135330e-02,-3.122892e+00,3.373692e+02,3.951625e+02
2.721426e+01,1.107188e+00,5.529872e+02,4.241880e+02,-3633,-3633,-1.026736e+03,1.026736e+03,0.000000e+00,-1.697085e+01,2.998775e+01,-4.242713e+00,9.230232e-02,-2.910215e+00,3.384426e+02,3.920189e+02
2.828637e+01,9.800488e-01,5.561966e+02,4.272650e+02,-3476,-3476,-9.953139e+02,9.953139e+02,0.000000e+00,-1.645147e+01,2.919774e+01,-4.112867e+00,1.310725e-01,-2.784242e+00,3.388421e+02,3.943678e+02
2.833254e+01,4.776525e-01,5.758440e+02,3.978120e+02,-2847,-2847,-8.694877e+02,8.694877e+02,0.000000e+00,-1.437170e+01,2.985467e+01,-3.592924e+00,6.673885e+00,-2.706014e+00,3.390224e+02,3.966097e+02
2.839617e+01,3.726755e-01,5.754052e+02,3.974169e+02,-2735,-2735,-8.471353e+02,8.471353e+02,0.000000e+00,-1.400224e+01,2.940805e+01,-3.500559e+00,7.032540e-01,-2.653629e+00,3.379683e+02,3.968272e+02
2.846947e+01,3.726755e-01,3.211916e+02,4.263131e+02,-231,-231,-3.462709e+02,3.462709e+02,0.000000e+00,-5.723487e+00,2.919383e+01,-1.430872e+00,-4.114475e+00,-2.527750e+00,3.404527e+02,3.946363e+02
2.853213e+01,1.470562e-01,5.756335e+02,3.978459e+02,-2445,-2445,-7.891725e+02,7.891725e+02,0.000000e+00,-1.304417e+01,2.964513e+01,-3.261043e+00,4.853665e+00,-2.377433e+00,3.412480e+02,3.942500e+02
2.857735e+01,7.275050e-02,5.759599e+02,3.982117e+02,-2381,-2381,-7.762161e+02,7.762161e+02,0.000000e+00,-1.283002e+01,2.996065e+01,-3.207505e+00,8.860798e-01,-2.316190e+00,3.402763e+02,3.962337e+02
2.862407e+01,7.275050e-02,3.127860e+02,4.208698e+02,471,471,-2.056928e+02,2.056928e+02,0.000000e+00,-3.399881e+00,2.875868e+01,-8.499702e-01,-3.709638e+00,2.989437e+00,3.405189e+02,3.963250e+02
2.867025e+01,7.275050e-02,5.760642e+02,3.989061e+02,-1954,-1954,-6.909975e+02,6.909975e+02,0.000000e+00,-1.142145e+01,3.004308e+01,-2.855361e+00,-2.144791e+00,8.621201e-01,3.399669e+02,3.965880e+02
2.872768e+01,-1.760697e-01,5.757002e+02,3.985278e+02,-2067,-2067,-7.134962e+02,7.134962e+02,0.000000e+00,-1.179332e+01,2.970469e+01,-2.948331e+00,1.033430e-01,8.606773e-01,3.410869e+02,3.967347e+02
2.877497e+01,-2.541080e-01,5.761290e+02,3.988390e+02,-1960,-1960,-6.920341e+02,6.920341e+02,0.000000e+00,-1.143858e+01,2.914064e+01,-2.859645e+00,6.434222e+00,8.617442e-01,3.409423e+02,3.974234e+02
2.882276e+01,-3.325719e-01,5.753856e+02,3.991879e+02,-1891,-1891,-6.782864e+02,6.782864e+02,0.000000e+00,-1.121134e+01,2.938618e+01,-2.802836e+00,-5.647868e+00,2.257871e+00,3.406742e+02,3.973866e+02
2.888300e+01,-4.309929e-01,5.761311e+02,3.989736e+02,-1740,-1740,-6.481481e+02,6.481481e+02,0.000000e+00,-1.071319e+01,2.914685e+01,-2.678298e+00,5.331270e+00,-1.808625e+00,3.449931e+02,3.967083e+02
2.894419e+01,-5.326878e-01,5.766216e+02,3.987511e+02,-1627,-1627,-6.254201e+02,6.254201e+02,0.000000e+00,-1.033752e+01,2.963082e+01,-2.584380e+00,6.885855e-01,8.586976e-01,3.432208e+02,3.976216e+02
2.899402e+01,-6.168343e-01,5.759699e+02,3.992938e+02,-1543,-1543,-6.086959e+02,6.086959e+02,0.000000e+00,-1.006109e+01,2.997126e+01,-2.515272e+00,7.610032e-01,8.606889e-01,3.424844e+02,3.983694e+02
2.904732e+01,-6.960932e-01,5.763253e+02,3.989947e+02,-508,-508,-4.017445e+02,4.017445e+02,0.000000e+00,-6.640406e+00,3.037001e+09,-1.660101e+00,8.311949e-01,8.634873e-01,3.405000e+02,3.983106e+02
2.910339e+01,-7.801949e-01,5.759966e+02,3.994642e+02,-406,-406,-3.813919e+02,3.813919e+02,0.000000e+00,-6.303998e+00,3.037001e+09,-1.576000e+00,9.031326e-01,8.536740e-01,3.481709e+02,3.992834e+02
2.914965e+01,-8.441545e-01,5.770987e+02,3.995705e+02,-1256,-1256,-5.513940e+02,5.513940e+02,0.000000e+00,-9.113950e+00,2.910412e+01,-2.278487e+00,9.654130e-01,8.607692e-01,3.423680e+02,3.982988e+02
2.919536e+01,-9.086940e-01,5.769586e+02,3.998447e+02,-1168,-1168,-5.337604e+02,5.337604e+02,0.000000e+00,-8.822485e+00,2.997015e+01,-2.205621e+00,1.022884e+00,8.618764e-01,3.421345e+02,3.989197e+02
2.924267e+01,-9.810972e-01,5.767454e+02,3.993800e+02,-1099,-1099,-5.198489e+02,5.198489e+02,0.000000e+00,-8.592543e+00,2.974775e+01,-2.148136e+00,8.883299e-02,8.620585e-01,3.420199e+02,3.989332e+02
2.930519e+01,-9.810972e-01,5.766758e+02,3.996209e+02,-163,-163,-3.327736e+0